"","pays","iso3c","annee","depenses_sante","esperance_vie","pib_hab","part_urbaine","pm25","population","ratio_dependance_agee"
"1","Australia","AUS",2000,2918.623,79.6207,45979.08,85.10716,5.3,19132472,18.42947
"2","Australia","AUS",2001,3040.318,80.006,46314.625,85.14811,5.6,19365438,18.565638
"3","Australia","AUS",2002,3181.737,80.0515,47599.406,85.28421,6.1,19595356,18.700743
"4","Australia","AUS",2003,3333.785,80.4396,48509.664,85.409706,6.8,19819449,18.827768
"5","Australia","AUS",2004,3549.301,80.7334,50018.59,85.51877,5.2,20046679,18.971186
"6","Australia","AUS",2005,3613.865,81.0923,50972.64,85.61909,5,20294490,19.117792
"7","Australia","AUS",2006,3750.505,81.2581,51682.89,85.74925,6.1,20590566,19.2576
"8","Australia","AUS",2007,3896.638,81.2324,52671.324,85.89685,5.2,20954545,19.38323
"9","Australia","AUS",2008,4051.114,81.4267,53497.273,86.02538,4.8,21370595,19.50361
"10","Australia","AUS",2009,4136.754,81.7283,53430.527,86.127815,6.2,21783014,19.710033
"11","Australia","AUS",2010,4268.681,82.0132,53768.35,86.21986,4.8,22141583,20.055986
"12","Australia","AUS",2011,4407.115,82.0911,54296.23,86.3269,5,22479779,20.510773
"13","Australia","AUS",2012,4404.788,82.2966,55465.445,86.44513,5.2,22852648,21.01938
"14","Australia","AUS",2013,4451.152,82.5511,55966.152,86.57405,5.7,23236271,21.519485
"15","Australia","AUS",2014,4941.936,82.5182,56571.805,86.72213,6,23595599,22.00324
"16","Australia","AUS",2015,5072.794,82.605,56970.36,86.87786,5.8,23947997,22.486492
"17","Australia","AUS",2016,5228.105,82.8014,57633,87.01663,5.7,24329963,22.947237
"18","Australia","AUS",2017,5331.259,82.7184,57991.77,87.12809,5.8,24731044,23.373186
"19","Australia","AUS",2018,5442.379,83.2582,58772.707,87.22677,5.9,25119700,23.82064
"20","Australia","AUS",2019,5458.392,83.2412,59181.3,87.30196,9,25482714,24.358576
"21","Australia","AUS",2020,5855.181,83.6639,58377.766,87.27135,6.7,25743787,25.069977
"22","Australia","AUS",2021,6229.427,83.564,59465.535,87.235344,5.3,25956417,25.805445
"23","Australia","AUS",2022,6025.396,82.7662,61200.457,87.33433,5.1,26200987,26.362658
"24","Australia","AUS",2023,6075.151,83.9228,61869.082,87.486694,5.5,26451126,26.883106
"25","Austria","AUT",2000,4718.938,78.235,38571.086,66.76903,16.1,8012929,22.86024
"26","Austria","AUT",2001,4776.365,78.7184,38929.754,66.84081,16.4,8042233,22.82534
"27","Austria","AUT",2002,4895.074,78.8464,39313.723,66.88875,18.3,8081640,22.752909
"28","Austria","AUT",2003,4967.35,78.8491,39569.29,66.92636,18.1,8122604,22.713715
"29","Austria","AUT",2004,5123.73,79.3624,40333.332,66.955864,16.3,8173496,23.113382
"30","Austria","AUT",2005,5168.261,79.5202,40989.01,66.9798,18.8,8229204,23.909576
"31","Austria","AUT",2006,5267.292,79.9648,42120.156,67.000694,19.6,8269901,24.677717
"32","Austria","AUT",2007,5419.719,80.1664,43568.832,67.0211,14.6,8296948,25.223736
"33","Austria","AUT",2008,5598.187,80.3633,44063.863,67.04356,14.7,8323250,25.597082
"34","Austria","AUT",2009,5704.378,80.2064,42372.477,67.07059,15.6,8345073,25.974312
"35","Austria","AUT",2010,5745.795,80.4634,43035.406,67.104744,16.3,8365087,26.135977
"36","Austria","AUT",2011,5730.372,80.8281,44146.195,67.14842,16.8,8393272,26.210209
"37","Austria","AUT",2012,5816.577,80.8407,44221.46,67.20859,14.6,8431599,26.547684
"38","Austria","AUT",2013,5813.279,81.078,43851.367,67.298134,15.7,8481411,26.969772
"39","Austria","AUT",2014,5877.155,81.39,43838.836,67.415436,13.8,8547812,27.295645
"40","Austria","AUT",2015,5925.348,81.1592,43915.227,67.55762,13.7,8644037,27.436342
"41","Austria","AUT",2016,6002.761,81.5922,44362.67,67.72181,13,8737920,27.537218
"42","Austria","AUT",2017,6074.392,81.6387,45056.637,67.90512,13,8798779,27.769827
"43","Austria","AUT",2018,6137.151,81.6859,45951.582,68.104675,14.1,8841653,28.06836
"44","Austria","AUT",2019,6258.114,81.9072,46550.562,68.317604,11.3,8880876,28.405727
"45","Austria","AUT",2020,6295.183,81.8037,43428.7,68.541016,10.2,8921402,28.831335
"46","Austria","AUT",2021,7023.391,81.8204,45368.645,68.773605,10.6,8967053,29.379332
"47","Austria","AUT",2022,6609.948,81.2959,47332.426,68.998085,10.3,9064678,30.010344
"48","Austria","AUT",2023,6457.345,81.9559,46497.91,69.22654,9.5,9130434,30.73231
"49","Belgium","BEL",2000,3897.966,77.7684,35878.316,82.01525,14.9,10251719,25.608976
"50","Belgium","BEL",2001,3987.216,78.0824,36148.29,82.335686,14.2,10287005,25.765669
"51","Belgium","BEL",2002,4125.189,78.1678,36600.863,82.65096,14.5,10332975,25.883877
"52","Belgium","BEL",2003,4571.947,78.3203,36826.27,82.96095,17,10376262,26.014877
"53","Belgium","BEL",2004,4776.962,78.9605,37976.7,83.265526,14.8,10421298,26.170734
"54","Belgium","BEL",2005,4767.386,79.0532,38645.26,83.564545,14.1,10478883,26.215378
"55","Belgium","BEL",2006,4779.212,79.3894,39371.086,83.85789,16,10548445,26.057182
"56","Belgium","BEL",2007,4888.335,79.5284,40520.086,84.14543,17.2,10625488,25.866674
"57","Belgium","BEL",2008,5034.193,79.5793,40380.906,84.42704,16.3,10709711,25.825718
"58","Belgium","BEL",2009,5402.012,79.8489,39293.637,84.70258,17,10812936,25.88472
"59","Belgium","BEL",2010,5414.847,80.04,39991.566,84.97193,16.5,10936619,25.937328
"60","Belgium","BEL",2011,5404.704,80.3664,40236.96,85.23496,16.3,11038624,26.207418
"61","Belgium","BEL",2012,5467.478,80.2604,40074.492,85.49154,14.7,11107522,26.667126
"62","Belgium","BEL",2013,5498.202,80.4668,40007.9,85.74154,15.5,11160277,27.11712
"63","Belgium","BEL",2014,5572.278,81.0802,40533.914,85.98483,12.9,11210113,27.592287
"64","Belgium","BEL",2015,5785.818,80.8889,40893.805,86.22129,12.4,11275332,27.986889
"65","Belgium","BEL",2016,5848.802,81.2647,41172.887,86.45078,12.1,11332707,28.366632
"66","Belgium","BEL",2017,5931.681,81.3624,41619.33,86.67317,11.7,11376583,28.818588
"67","Belgium","BEL",2018,6016.334,81.4805,42208.363,86.88834,12.1,11428608,29.25665
"68","Belgium","BEL",2019,6076.389,81.8353,43006.402,87.09616,10.4,11490623,29.676115
"69","Belgium","BEL",2020,6091.262,80.7977,40769.023,87.2965,8.9,11540102,30.023865
"70","Belgium","BEL",2021,6344.266,81.6591,43140.97,87.43056,10.3,11570843,30.42766
"71","Belgium","BEL",2022,6116.651,81.1589,44516.004,87.4892,9.9,11641814,30.9952
"72","Belgium","BEL",2023,6150.812,82.115,44828.227,87.55149,8.8,11712891,31.654556
"73","Canada","CAN",2000,3402.299,79.233,37906.9,78.6293,8.4,30891800,18.350492
"74","Canada","CAN",2001,3566.285,79.4494,38200.496,78.84148,8.5,31213578,18.41946
"75","Canada","CAN",2002,3692.159,79.5658,38921.707,79.09902,8.6,31535579,18.486765
"76","Canada","CAN",2003,3837.345,79.7363,39270.062,79.39138,8.9,31836483,18.578287
"77","Canada","CAN",2004,4006.356,80.029,40108.8,79.69231,8.3,32132680,18.688955
"78","Canada","CAN",2005,4122.513,80.131,41006.266,79.97606,9.1,32440172,18.82275
"79","Canada","CAN",2006,4365.397,80.5398,41663.555,80.21906,8.2,32759174,19.020521
"80","Canada","CAN",2007,4521.434,80.5422,42106.914,80.44256,8,33092171,19.283382
"81","Canada","CAN",2008,4680.831,80.7304,42067.61,80.662895,7.8,33449088,19.590803
"82","Canada","CAN",2009,4853.482,81.0648,40376.457,80.859184,7.3,33826370,19.934359
"83","Canada","CAN",2010,5013.653,81.3363,41164.383,81.01209,6.6,34196900,20.328604
"84","Canada","CAN",2011,5018.006,81.5133,42043.684,81.10314,6.9,34555449,20.842978
"85","Canada","CAN",2012,5094.458,81.7037,42320.688,81.15135,6.9,34922513,21.498909
"86","Canada","CAN",2013,5104.397,81.7852,42851.215,81.18344,7.1,35293421,22.203104
"87","Canada","CAN",2014,5118.519,81.8373,43643.28,81.21118,7.3,35634265,22.898956
"88","Canada","CAN",2015,5250.074,81.9084,43594.24,81.24657,7.3,35962236,23.596266
"89","Canada","CAN",2016,5379.723,82.0301,43551.387,81.3023,6.1,36353345,24.283844
"90","Canada","CAN",2017,5493.645,81.9195,44339.434,81.40189,6.9,36808498,24.950378
"91","Canada","CAN",2018,5555.804,81.9247,44907.39,81.55003,7.2,37294996,25.611784
"92","Canada","CAN",2019,5627.916,82.2848,45100.336,81.73637,6.3,37782934,26.33071
"93","Canada","CAN",2020,6195.885,81.6536,42366.17,81.95099,6.1,38171903,27.151901
"94","Canada","CAN",2021,6524.261,81.976,44639.24,82.177925,7.3,38454058,28.054106
"95","Canada","CAN",2022,6119.237,81.2493,45883.008,82.35009,6.3,38821259,28.863476
"96","Canada","CAN",2023,6145.641,82.6302,45495.51,82.525055,9.7,39299098,29.576546
"97","Chile","CHL",2000,1045.985,77.1276,8465.354,86.27109,21.7,15503638,12.57656
"98","Chile","CHL",2001,1074.699,77.5798,8632.015,86.49063,21.2,15683852,12.808261
"99","Chile","CHL",2002,1114.511,77.8397,8810.69,86.61141,20.9,15857926,13.0300665
"100","Chile","CHL",2003,1174.018,77.8841,9130.784,86.6793,21.2,16024755,13.231053
"101","Chile","CHL",2004,1246.553,78.2765,9642.375,86.73367,21.5,16187324,13.418286
"102","Chile","CHL",2005,1284.287,78.4589,10104.421,86.776825,21,16348780,13.600696
"103","Chile","CHL",2006,1338.225,78.5328,10611.614,86.812515,21.2,16509195,13.775527
"104","Chile","CHL",2007,1430.583,78.6519,11051.345,86.844505,21.8,16671571,13.954079
"105","Chile","CHL",2008,1460.335,78.7518,11356.092,86.87658,22.6,16838987,14.1463375
"106","Chile","CHL",2009,1569.482,78.8901,11116.409,86.91249,21.4,17009730,14.360988
"107","Chile","CHL",2010,1615.202,79.0954,11649.29,86.95602,21.4,17181463,14.595776
"108","Chile","CHL",2011,1688.033,79.2357,12252.844,87.01092,23.4,17351810,14.853619
"109","Chile","CHL",2012,1793.612,79.2211,12882.834,87.0825,22,17519116,15.14939
"110","Chile","CHL",2013,1936.624,79.5509,13182.733,87.18278,21.9,17687006,15.499975
"111","Chile","CHL",2014,2041.482,79.7137,13285.954,87.31337,22.4,17864192,15.898108
"112","Chile","CHL",2015,2181.035,80.0079,13433.92,87.46533,25.4,18047630,16.333118
"113","Chile","CHL",2016,2269.366,80.2949,13505.098,87.63063,23.9,18267225,16.763685
"114","Chile","CHL",2017,2462.771,80.6096,13473.346,87.800026,22.3,18558868,17.137245
"115","Chile","CHL",2018,2526.753,80.5594,13763.007,87.96205,21.4,18893185,17.478594
"116","Chile","CHL",2019,2543.071,80.3243,13631.929,88.127365,20.3,19197748,17.844751
"117","Chile","CHL",2020,2489.426,79.3488,12680.776,88.29535,19.5,19370621,18.28098
"118","Chile","CHL",2021,2865.452,78.8764,14056.252,88.46605,22.8,19456323,18.760324
"119","Chile","CHL",2022,2943.784,79.1762,14275.409,88.639534,23.6,19553033,19.257635
"120","Chile","CHL",2023,3003.406,81.1667,14294.711,88.815865,24.4,19658833,19.830227
"121","Colombia","COL",2000,592.037,70.905,4016.8096,74.34936,13.8,39089939,7.224203
"122","Colombia","COL",2001,615.399,71.1853,4020.5078,74.79384,14.9,39709263,7.3067026
"123","Colombia","COL",2002,592.165,71.5366,4058.285,75.192444,13.8,40324684,7.392157
"124","Colombia","COL",2003,618.508,72.3086,4154.1753,75.53418,15.4,40937426,7.4872613
"125","Colombia","COL",2004,660.031,72.7605,4311.916,75.80806,13.6,41543177,7.5951457
"126","Colombia","COL",2005,725.04,73.1557,4457.2754,76.00494,13.7,42128978,7.716467
"127","Colombia","COL",2006,800.012,73.4974,4694.0347,76.16192,13.2,42691081,7.8685093
"128","Colombia","COL",2007,865.586,73.7509,4947.2524,76.31441,14.4,43235374,8.054918
"129","Colombia","COL",2008,958.755,74.2057,5048.572,76.45968,13.7,43758805,8.271696
"130","Colombia","COL",2009,1021.747,74.5306,5046.971,76.59641,15.2,44271543,8.508047
"131","Colombia","COL",2010,1035.236,74.8757,5214.2456,76.7233,16.2,44777325,8.754584
"132","Colombia","COL",2011,1061.593,75.1803,5517.101,76.839005,13.5,45259614,9.026164
"133","Colombia","COL",2012,1086.518,75.6106,5675.7563,76.942215,15.2,45715807,9.327792
"134","Colombia","COL",2013,1171.611,75.8343,5910.806,77.0316,15.5,46151583,9.648875
"135","Colombia","COL",2014,1230.813,75.9497,6121.84,77.10584,16.4,46565426,10.005731
"136","Colombia","COL",2015,1270.997,76.0665,6248.515,77.16363,15.7,46969938,10.388644
"137","Colombia","COL",2016,1268.882,76.2285,6316.071,77.20363,17.5,47437513,10.750945
"138","Colombia","COL",2017,1312.671,76.4178,6309.6772,77.22452,16,48131076,11.079108
"139","Colombia","COL",2018,1345.978,76.5791,6353.5464,77.28048,15.3,49024463,11.397068
"140","Colombia","COL",2019,1376.834,76.7927,6439.9634,77.45956,16.2,49907987,11.747709
"141","Colombia","COL",2020,1379.007,74.7565,5891.955,77.63825,15.4,50629997,12.10842
"142","Colombia","COL",2021,1597.951,72.6983,6457.1694,77.833954,13.8,51188174,12.444566
"143","Colombia","COL",2022,1439.788,76.5081,6856.726,78.04646,14.5,51737944,12.853918
"144","Colombia","COL",2023,1536.194,77.7246,6837.374,78.27557,14,52321152,13.383401
"145","Czechia","CZE",2000,1736.426,74.9781,12543.937,74.00382,20.3,10236809,19.718605
"146","Czechia","CZE",2001,1869.463,75.3141,12958.467,73.91318,20.9,10231942,19.678167
"147","Czechia","CZE",2002,2027.375,75.4424,13179.988,73.836006,23,10239474,19.620287
"148","Czechia","CZE",2003,2230.002,75.3959,13618.935,73.764915,22.5,10248907,19.567032
"149","Czechia","CZE",2004,2280.551,75.9416,14259.634,73.699165,20.8,10261453,19.584425
"150","Czechia","CZE",2005,2390.374,76.1561,15147.722,73.63756,23.2,10280155,19.731047
"151","Czechia","CZE",2006,2432.809,76.708,16107.305,73.57888,23.8,10304592,19.98531
"152","Czechia","CZE",2007,2491.195,76.9189,16892.543,73.52195,17.5,10337539,20.324179
"153","Czechia","CZE",2008,2625.019,77.1722,17190.646,73.46555,17.7,10378298,20.81182
"154","Czechia","CZE",2009,2881.371,77.2578,16272.809,73.408485,19.2,10420985,21.426569
"155","Czechia","CZE",2010,2963.847,77.5677,16665.932,73.34956,21.6,10464035,22.034714
"156","Czechia","CZE",2011,2952.508,77.8144,16926.285,73.287834,20.5,10495508,22.866373
"157","Czechia","CZE",2012,2940.737,77.9977,16772.354,73.22492,18.7,10507339,23.996105
"158","Czechia","CZE",2013,2924.82,78.169,16759.781,73.16222,19.3,10511164,25.116043
"159","Czechia","CZE",2014,3069.439,78.7439,17118.043,73.099594,18.9,10517223,26.152357
"160","Czechia","CZE",2015,3120.284,78.5609,17931.6,73.03704,17,10524418,27.152554
"161","Czechia","CZE",2016,3219.221,78.9744,18359.098,72.97458,16.9,10531946,28.184168
"162","Czechia","CZE",2017,3293.657,78.926,19257.693,72.912186,16.5,10541343,29.221136
"163","Czechia","CZE",2018,3416.183,78.9612,19736.629,72.84988,17.8,10548934,30.185564
"164","Czechia","CZE",2019,3590.648,79.1853,20360.06,72.78764,14,10554872,31.09471
"165","Czechia","CZE",2020,4098.209,78.237,19233.146,72.72549,12.6,10550129,31.848549
"166","Czechia","CZE",2021,4416.112,77.2342,20373.879,72.68106,13.6,10530683,32.385895
"167","Czechia","CZE",2022,4012.926,79.1648,20627.35,72.69676,12.9,10673216,32.282867
"168","Czechia","CZE",2023,3929.417,79.8341,20272.588,72.73524,11.4,10809722,32.199486
"169","Denmark","DNK",2000,3892.751,76.8152,49266.99,85.1,13.2,5339659,22.206444
"170","Denmark","DNK",2001,4073.651,76.9736,49557.152,85.18831,11.7,5358825,22.232555
"171","Denmark","DNK",2002,4207.349,77.0989,49624.598,85.3,12.6,5375967,22.293934
"172","Denmark","DNK",2003,4307.302,77.4012,49708.09,85.42,13.6,5390621,22.412094
"173","Denmark","DNK",2004,4484.892,77.7853,50956.305,85.71303,10.4,5404594,22.582855
"174","Denmark","DNK",2005,4668.188,78.2259,52015.184,86.005974,10.8,5419550,22.799578
"175","Denmark","DNK",2006,4872.285,78.2234,53823.16,86.25013,11.7,5437425,23.053644
"176","Denmark","DNK",2007,4999.732,78.3494,54113.977,86.42515,10.9,5461604,23.391354
"177","Denmark","DNK",2008,5100.178,78.7144,53572.535,86.58314,10.6,5493762,23.856392
"178","Denmark","DNK",2009,5334.676,78.9574,50635.91,86.761765,11.8,5523169,24.481573
"179","Denmark","DNK",2010,5435.29,79.2473,51209.45,86.86524,11.5,5547865,25.272459
"180","Denmark","DNK",2011,5343.147,79.786,51667.53,87.15677,13.4,5570848,26.188505
"181","Denmark","DNK",2012,5411.535,80.0822,51470.69,87.23362,9.8,5591911,27.123343
"182","Denmark","DNK",2013,5356.839,80.3063,51970.39,87.543655,9.6,5615333,27.910048
"183","Denmark","DNK",2014,5445.714,80.6319,52368.363,87.682396,11.2,5643795,28.53268
"184","Denmark","DNK",2015,5587.997,80.7394,53094.01,87.7254,9.5,5683698,29.02233
"185","Denmark","DNK",2016,5669.119,80.8814,54300.203,87.7,8.8,5728196,29.437515
"186","Denmark","DNK",2017,5724.452,81.1116,55601.016,88.0162,8.6,5765164,29.872358
"187","Denmark","DNK",2018,5808.855,80.9909,56355.074,88.10598,10.7,5793824,30.341145
"188","Denmark","DNK",2019,5923.613,81.4343,57114.62,88.20965,9.3,5814618,30.84161
"189","Denmark","DNK",2020,6146.851,81.5458,55934.555,88.23945,7.4,5831529,31.369362
"190","Denmark","DNK",2021,6618.299,81.4363,59312.816,88.26164,7.8,5856774,31.813707
"191","Denmark","DNK",2022,6113.009,81.2906,59108.746,88.38802,7.8,5902901,32.06199
"192","Denmark","DNK",2023,5827.024,81.9328,59026.984,88.552635,7.5,5948134,32.39204
"193","Estonia","EST",2000,893.503,71.0142,10006.77,67.38553,9.1,1397001,22.247473
"194","Estonia","EST",2001,880.525,70.8336,10662.945,67.39265,9.8,1388174,22.622168
"195","Estonia","EST",2002,940.773,71.3637,11474.662,67.40909,10.6,1379438,23.103756
"196","Estonia","EST",2003,1131.869,71.923,12424.044,67.43417,9.9,1370849,23.608498
"197","Estonia","EST",2004,1268.612,72.3751,13348.528,67.467354,9.5,1362682,24.092875
"198","Estonia","EST",2005,1404.976,73.0276,14703.618,67.50805,9.5,1354847,24.559153
"199","Estonia","EST",2006,1497.821,73.1995,16234.516,67.55572,10.9,1346885,25.124868
"200","Estonia","EST",2007,1745.028,73.1534,17543.467,67.60979,10.7,1340709,25.622896
"201","Estonia","EST",2008,1871.135,74.2787,16688.998,67.6697,10,1337078,25.765663
"202","Estonia","EST",2009,1850.933,75.1519,14274.852,67.73489,9.9,1334528,25.80307
"203","Estonia","EST",2010,1810.235,75.8816,14657.939,67.8048,11.1,1331450,25.893705
"204","Estonia","EST",2011,1804.813,76.3462,15820.922,67.877556,9.1,1327366,26.216133
"205","Estonia","EST",2012,1875.419,76.4159,16460.684,67.96296,9.2,1322615,26.830133
"206","Estonia","EST",2013,1978.481,77.252,16809.533,68.09235,9.2,1317920,27.533567
"207","Estonia","EST",2014,2097.762,77.1104,17413.688,68.26684,9.9,1314457,28.300293
"208","Estonia","EST",2015,2232.218,77.665,17722.156,68.47966,7.9,1314580,29.001812
"209","Estonia","EST",2016,2325.043,77.7631,18264.988,68.72404,7.2,1315850,29.656935
"210","Estonia","EST",2017,2392.241,78.1814,19270.814,68.993195,6.6,1317430,30.28229
"211","Estonia","EST",2018,2517.863,78.3339,19914.346,69.28035,8.3,1321972,30.747343
"212","Estonia","EST",2019,2645.22,78.7728,20579.875,69.57874,6.6,1326822,31.235085
"213","Estonia","EST",2020,2921.922,78.8929,19946.945,69.88158,6.2,1329675,31.864176
"214","Estonia","EST",2021,3154.128,77.4095,21570.666,70.17773,6.8,1331750,32.31863
"215","Estonia","EST",2022,2875.604,78.1674,21023.299,70.489235,6.1,1350093,32.64954
"216","Estonia","EST",2023,2915.597,79.1535,20126.373,70.67701,6.5,1367195,33.104965
"217","Finland","FIN",2000,3230.932,77.6713,37872.6,67.12277,7.1,5176197,22.279207
"218","Finland","FIN",2001,3381.652,78.1423,38784.13,67.49824,7.4,5187970,22.521505
"219","Finland","FIN",2002,3562.815,78.27,39343.07,67.795166,7.3,5200548,22.785244
"220","Finland","FIN",2003,3720.881,78.5334,40038.984,68.04256,7.7,5212958,23.121353
"221","Finland","FIN",2004,3901.029,78.8458,41521.96,68.27666,7.5,5228147,23.55134
"222","Finland","FIN",2005,4088.473,78.9711,42529.35,68.51405,7.4,5246078,23.879652
"223","Finland","FIN",2006,4193.581,79.373,44069.395,68.75883,8.9,5266248,24.362558
"224","Finland","FIN",2007,4306.824,79.3911,46213.69,69.020035,7.9,5288715,24.76575
"225","Finland","FIN",2008,4423.108,79.695,46359.875,69.294365,7,5313379,24.968086
"226","Finland","FIN",2009,4421.828,79.831,42412.51,69.54626,7.2,5338854,25.385824
"227","Finland","FIN",2010,4475.389,80.0116,43556.54,69.78558,8,5363347,26.062296
"228","Finland","FIN",2011,4571.221,80.3916,44391.453,70.05833,7.2,5388236,27.111486
"229","Finland","FIN",2012,4651.581,80.5076,43507.934,70.366135,7.1,5413978,28.319336
"230","Finland","FIN",2013,4700.07,80.869,42883.637,70.67421,6.6,5439057,29.54942
"231","Finland","FIN",2014,4663.214,81.0546,42502.49,70.987915,7.4,5461686,30.740477
"232","Finland","FIN",2015,4653.823,81.3775,42560.344,71.3055,6.1,5479719,31.837053
"233","Finland","FIN",2016,4652.864,81.3029,43529.676,71.61584,5.7,5495468,32.794537
"234","Finland","FIN",2017,4664.664,81.4967,44862.22,71.95631,5,5508398,33.72619
"235","Finland","FIN",2018,4697.715,81.6265,45337.242,72.34235,6.3,5515730,34.662674
"236","Finland","FIN",2019,4830.318,81.8643,45898.57,72.74312,5.3,5521754,35.521896
"237","Finland","FIN",2020,4966.75,81.8219,44690.98,73.084946,4.8,5529616,36.336994
"238","Finland","FIN",2021,5213.708,81.8137,45792.047,73.371025,5.2,5541069,37.06179
"239","Finland","FIN",2022,5159.045,81.2435,46016.15,73.69676,4.9,5569300,37.708157
"240","Finland","FIN",2023,5399.139,81.9102,45196.48,74.006256,5.2,5601185,38.313984
"241","France","FRA",2000,4252.468,79.0438,33255.137,76.5144,13.9,59483716,24.58359
"242","France","FRA",2001,4363.613,79.2208,33640.67,76.90744,14.8,59905131,24.773386
"243","France","FRA",2002,4546.811,79.4109,33753.58,77.25439,14,60327247,24.92388
"244","France","FRA",2003,4578.138,79.419,33840.617,77.469124,15,60741119,25.015282
"245","France","FRA",2004,4692.006,80.3363,34557.15,77.49005,13.1,61175244,25.13288
"246","France","FRA",2005,4758.546,80.3367,34946.04,77.43633,12.9,61625031,25.237555
"247","France","FRA",2006,4926.712,80.7449,35645.418,77.346725,13.4,62049831,25.226002
"248","France","FRA",2007,5015.674,80.9602,36322.168,77.2458,13.6,62432438,25.25662
"249","France","FRA",2008,5077.483,81.0392,36257.367,77.15619,13.1,62780187,25.428114
"250","France","FRA",2009,5329.271,81.1635,35052.85,77.10054,14.6,63106460,25.66016
"251","France","FRA",2010,5280.09,81.4047,35578.195,77.09628,14.6,63417366,25.903782
"252","France","FRA",2011,5324.443,81.781,36269.957,77.11827,15.1,63733776,26.440155
"253","France","FRA",2012,5371.584,81.739,36161.293,77.16695,13.7,64058465,27.279116
"254","France","FRA",2013,5464.74,81.9786,36256.086,77.24407,14.1,64387736,28.13076
"255","France","FRA",2014,5542.29,82.4366,36444.395,77.35243,11.6,64692495,29.01211
"256","France","FRA",2015,5601.869,82.1487,36702.434,77.76109,12,64916337,29.91792
"257","France","FRA",2016,5690.706,82.4008,36920.535,78.599915,11.1,65086853,30.745068
"258","France","FRA",2017,5725.443,82.4385,37580.598,78.64678,10.7,65284775,31.483984
"259","France","FRA",2018,5703.986,82.5682,38062.445,78.67144,10.7,65519537,32.188873
"260","France","FRA",2019,5755.07,82.7304,38705.207,78.68908,9.6,65729460,32.88816
"261","France","FRA",2020,5770.47,82.1993,35709.203,78.711914,8.7,65905273,33.51512
"262","France","FRA",2021,6237.002,82.3216,38030.855,78.73646,9.7,66083547,34.0548
"263","France","FRA",2022,6125.395,82.4753,38868.332,78.75919,10.1,66277412,34.64075
"264","France","FRA",2023,5937.124,83.3253,39319.414,78.78043,9.4,66438828,35.311802
"265","Germany","DEU",2000,4806.233,78.0563,35104.13,80.094215,14.9,81797255,24.237698
"266","Germany","DEU",2001,4858.775,78.4023,35618.516,80.10708,14.7,81933882,24.89975
"267","Germany","DEU",2002,4964.458,78.4749,35477.516,80.1214,15.8,82068328,25.576183
"268","Germany","DEU",2003,5023.827,78.5361,35270.023,80.137314,16.3,82111619,26.32667
"269","Germany","DEU",2004,4971.318,79.1186,35687.637,80.15497,14.7,82092706,27.256538
"270","Germany","DEU",2005,5057.386,79.254,36024.094,80.174515,14.8,82046733,28.280777
"271","Germany","DEU",2006,5148.366,79.5862,37459.26,80.1961,16.1,81701971,29.391438
"272","Germany","DEU",2007,5247.152,79.7306,38593.074,80.219864,13.5,81298546,30.260607
"273","Germany","DEU",2008,5374.547,79.8161,39009.848,80.24596,13.9,81110780,30.779375
"274","Germany","DEU",2009,5662.417,79.9151,36940.406,80.27452,14.9,80935276,31.203934
"275","Germany","DEU",2010,5782.66,80.0814,38526.74,80.3057,15.5,80830916,31.26102
"276","Germany","DEU",2011,5794.192,80.3549,40722.484,80.340576,15.3,80857877,31.116915
"277","Germany","DEU",2012,5846.723,80.5017,40834.508,80.39345,13,80916391,31.257746
"278","Germany","DEU",2013,5941.813,80.454,40884.895,80.47323,13.5,81041581,31.53043
"279","Germany","DEU",2014,6093.697,80.9056,41602.465,80.57574,13.5,81376078,31.795439
"280","Germany","DEU",2015,6296.315,80.5658,41929.754,80.69743,12.1,82077546,32.001713
"281","Germany","DEU",2016,6452.71,80.8371,42516.934,80.834785,11.8,82760102,32.22578
"282","Germany","DEU",2017,6627.465,80.9371,43543.48,80.98425,11.8,83104010,32.6146
"283","Germany","DEU",2018,6763.583,80.8747,43905.855,81.1423,12.3,83368507,32.987793
"284","Germany","DEU",2019,6986.616,81.1893,44235.266,81.3054,10.1,83559184,33.40465
"285","Germany","DEU",2020,7362.902,81.0036,42372.87,81.47001,8.8,83628711,33.90079
"286","Germany","DEU",2021,7761.694,81.1059,44011.02,81.63258,9.4,83697080,34.55182
"287","Germany","DEU",2022,7675.075,80.5796,44817.133,81.78679,9.3,84086227,35.263424
"288","Germany","DEU",2023,7230.747,81.3777,44368.992,81.903435,8.5,84548233,35.97249
"289","Greece","GRC",2000,2195.841,78.442,18002.906,72.66564,18.6,10782638,25.33779
"290","Greece","GRC",2001,2517.15,78.9087,18742.424,72.84607,18.1,10843166,25.751583
"291","Greece","GRC",2002,2716.959,79.0305,19548.367,73.09771,18.8,10890287,26.213858
"292","Greece","GRC",2003,2941.109,79.0848,20632.256,73.43227,18.8,10918467,26.69733
"293","Greece","GRC",2004,2948.314,79.3503,21688.105,73.82676,17.2,10947369,27.122017
"294","Greece","GRC",2005,3112.643,79.6505,21880.527,74.261734,18.7,10981340,27.462389
"295","Greece","GRC",2006,3173.375,79.7605,23220.533,74.71775,18.6,11016107,27.704704
"296","Greece","GRC",2007,3323.421,79.6615,23973.693,75.17535,20.3,11045737,27.86911
"297","Greece","GRC",2008,3473.103,80.1047,23923.88,75.61508,20.1,11076874,28.047972
"298","Greece","GRC",2009,3564.41,80.3677,22878.135,76.017494,18,11108067,28.376497
"299","Greece","GRC",2010,3349.692,80.5727,21547.725,76.363144,16.8,11124666,28.906973
"300","Greece","GRC",2011,2858.481,80.6248,19448.256,76.63526,18.9,11108838,29.595407
"301","Greece","GRC",2012,2569.545,80.4221,17924.662,76.86798,17.4,11048291,30.358494
"302","Greece","GRC",2013,2393.271,81.067,17644.877,77.0952,15.6,10967534,31.157486
"303","Greece","GRC",2014,2271.435,81.1203,17903.525,77.31305,16.3,10893169,31.943096
"304","Greece","GRC",2015,2407.452,80.7894,17980.73,77.51944,16.4,10820902,32.67256
"305","Greece","GRC",2016,2482.65,81.2692,18049.93,77.712296,15.4,10775506,33.30777
"306","Greece","GRC",2017,2419.627,80.9614,18352.088,77.889534,15.3,10753532,33.835293
"307","Greece","GRC",2018,2454.056,81.4954,18769.04,78.049065,15.3,10730846,34.311337
"308","Greece","GRC",2019,2529.837,81.3487,19216.676,78.18881,15.2,10718581,34.7574
"309","Greece","GRC",2020,2682.375,81.5361,17486.951,78.30669,13.7,10699370,35.25379
"310","Greece","GRC",2021,2832.821,80.5312,19231.29,78.38849,14.7,10579561,36.125706
"311","Greece","GRC",2022,2834.747,79.9441,20550.506,78.55022,15.3,10412481,36.866714
"312","Greece","GRC",2023,2962.339,81.8568,21050.865,78.77463,15.7,10242910,37.26445
"313","Hungary","HUN",2000,1438.415,71.7581,8979.735,64.26023,24.3,10190598,21.837816
"314","Hungary","HUN",2001,1533.528,72.3944,9365.954,64.64688,26,10166693,21.948616
"315","Hungary","HUN",2002,1689.6,72.5072,9836.94,65.04,27.2,10138461,22.067982
"316","Hungary","HUN",2003,1998.729,72.5135,10253.724,64.8453,27.3,10108970,22.201199
"317","Hungary","HUN",2004,2006.376,72.906,10786.488,65.02254,23.6,10085788,22.336739
"318","Hungary","HUN",2005,2136.005,72.8649,11272.734,66.12614,25,10065703,22.524538
"319","Hungary","HUN",2006,2179.669,73.3441,11734.454,67.01559,25.9,10049946,22.736124
"320","Hungary","HUN",2007,2005.993,73.4314,11791.707,67.004166,19.2,10034084,23.003717
"321","Hungary","HUN",2008,1983.257,73.9571,11929.721,68.0977,20.5,10016653,23.31548
"322","Hungary","HUN",2009,1906.759,74.179,11142.886,68.45926,21.7,10001381,23.671513
"323","Hungary","HUN",2010,1977.191,74.5189,11287.369,69.53055,20.9,9979128,23.971071
"324","Hungary","HUN",2011,2016.075,74.9226,11536.357,69.478,25,9946675,24.291315
"325","Hungary","HUN",2012,1950.471,75.1826,11440.763,69.57723,21.9,9916621,24.784174
"326","Hungary","HUN",2013,1979.608,75.6827,11729.572,69.927765,20.3,9889344,25.373959
"327","Hungary","HUN",2014,2047.907,75.8493,12287.378,70.307106,19.5,9862843,26.055305
"328","Hungary","HUN",2015,2104.489,75.6536,12782.941,70.48477,20.1,9839211,26.757633
"329","Hungary","HUN",2016,2198.629,76.1569,13145.656,70.47338,18.3,9810529,27.48944
"330","Hungary","HUN",2017,2222.145,76.007,13734.244,70.454254,20.2,9785608,28.153145
"331","Hungary","HUN",2018,2308.075,76.2049,14533.778,70.471176,19.8,9774395,28.833212
"332","Hungary","HUN",2019,2320.07,76.4546,15290.809,70.45653,15.5,9770346,29.75959
"333","Hungary","HUN",2020,2615.41,75.7302,14664.297,70.29173,14.1,9749459,30.728916
"334","Hungary","HUN",2021,2841.737,74.1851,15787.953,70.205925,15.2,9707848,31.362543
"335","Hungary","HUN",2022,2680.384,76.2118,16487.797,70.15851,14.6,9684308,31.763943
"336","Hungary","HUN",2023,2617.927,77.024,16375.046,70.292305,12.3,9686465,32.16031
"337","Iceland","ISL",2000,4035.487,79.5485,43472.336,91.96742,4.1,281293,17.752516
"338","Iceland","ISL",2001,4080.155,80.4209,44545.98,92.04523,4,285058,17.774036
"339","Iceland","ISL",2002,4328.49,80.2778,44389.555,92.167404,4.3,287609,17.852446
"340","Iceland","ISL",2003,4471.419,80.7678,45088.92,92.323555,4.4,289616,17.891506
"341","Iceland","ISL",2004,4541.607,80.7209,48101.71,92.43773,4.7,292172,17.864653
"342","Iceland","ISL",2005,4615.023,81.1691,50674.44,92.37744,4,296852,17.690125
"343","Iceland","ISL",2006,4626.931,80.9375,52306.13,92.1949,4.3,303883,17.368635
"344","Iceland","ISL",2007,4734.168,81.093,55457.36,92.36146,4.1,311662,17.128061
"345","Iceland","ISL",2008,4686.519,81.244,55360.812,93.064644,4.2,317519,17.133583
"346","Iceland","ISL",2009,4393.944,81.4174,50581.086,93.44414,4.4,318619,17.523144
"347","Iceland","ISL",2010,4190.786,81.5939,49528.49,93.45883,4.6,318163,18.118298
"348","Iceland","ISL",2011,4181.957,81.9725,50058.832,93.411064,4.4,319139,18.649313
"349","Iceland","ISL",2012,4110.287,82.3459,50375.41,93.51489,3.9,320851,19.187864
"350","Iceland","ISL",2013,4169.479,81.7425,51696.086,93.61668,4.1,323891,19.68836
"351","Iceland","ISL",2014,4235.768,82.4298,52102.574,93.619675,4.4,327517,20.171316
"352","Iceland","ISL",2015,4406.963,82.1638,53505.695,93.72792,4.1,330962,20.673159
"353","Iceland","ISL",2016,4575.129,81.8286,56049.293,93.782265,4,335571,21.017586
"354","Iceland","ISL",2017,4727.693,82.241,56657.98,93.7719,4.6,343537,21.09648
"355","Iceland","ISL",2018,4816.499,82.4526,57731.652,93.85267,4,352860,21.154247
"356","Iceland","ISL",2019,4897.308,82.8474,57118.844,93.97708,4.6,360709,21.380953
"357","Iceland","ISL",2020,5010.877,82.7113,52464.31,94.13671,3.7,366626,21.817104
"358","Iceland","ISL",2021,5322.121,82.8433,54285.02,94.21082,5.1,372647,22.337845
"359","Iceland","ISL",2022,5348.54,81.5877,57626.254,94.17871,4.1,380368,22.70043
"360","Iceland","ISL",2023,5279.945,82.6911,59951.754,94.151825,5.1,387559,23.02852
"361","Ireland","IRL",2000,2410.422,76.535,42599.48,59.1248,8.8,3802589,16.685368
"362","Ireland","IRL",2001,2761.42,77.1003,44151.152,59.376392,8.8,3862981,16.513937
"363","Ireland","IRL",2002,2993.323,77.5903,45974.49,59.636726,8.7,3928441,16.375715
"364","Ireland","IRL",2003,3175.996,78.1003,46594.863,59.912014,10,3992935,16.304075
"365","Ireland","IRL",2004,3361.118,78.5027,48856.324,60.199474,7.4,4066066,16.25818
"366","Ireland","IRL",2005,3721.145,78.9093,50547.21,60.4883,7.8,4155283,16.099037
"367","Ireland","IRL",2006,3758.61,79.1504,51656.82,60.770367,7.9,4268775,15.807546
"368","Ireland","IRL",2007,3918.955,79.5631,52849.695,61.0602,8.3,4393518,15.631541
"369","Ireland","IRL",2008,4177.278,79.7877,49461.16,61.35819,8.1,4485992,15.783184
"370","Ireland","IRL",2009,4550.639,80.0954,46466.38,61.6421,8.7,4533750,16.235334
"371","Ireland","IRL",2010,4560.176,80.5992,46991.645,61.891068,8.9,4559084,16.838995
"372","Ireland","IRL",2011,4625.199,80.7272,47539.918,62.087273,8.3,4579603,17.497131
"373","Ireland","IRL",2012,4638.322,80.8524,47147.16,62.252934,7.4,4600135,18.177124
"374","Ireland","IRL",2013,4511.761,81.065,47928.035,62.404716,8.8,4624686,18.833858
"375","Ireland","IRL",2014,4492.459,81.4063,52044.62,62.5354,7.8,4658236,19.442764
"376","Ireland","IRL",2015,4593.993,81.5326,64250.137,62.639214,7.7,4702497,19.981625
"377","Ireland","IRL",2016,4738.539,81.6836,64205.98,62.72294,7.6,4753506,20.447721
"378","Ireland","IRL",2017,4860.895,82.1032,69748.625,62.90352,6.9,4810258,20.897455
"379","Ireland","IRL",2018,4992.323,82.1232,74029.055,63.08445,7.5,4872559,21.33913
"380","Ireland","IRL",2019,5111.882,82.4108,76485.63,63.2737,8.6,4933493,21.78235
"381","Ireland","IRL",2020,5585.105,82.3897,80927.94,63.471336,7.3,4982602,22.268692
"382","Ireland","IRL",2021,5826.547,81.8608,92781.234,63.67742,7.7,5028428,22.71178
"383","Ireland","IRL",2022,5756.511,82.0505,97793.54,63.892025,7.5,5110015,23.167944
"384","Ireland","IRL",2023,5636.7,82.4118,93541.96,64.11521,7.3,5196629,23.725014
"385","Israel","ISR",2000,2013.574,79.1797,29411.5,91.28097,20.2,6111194,15.670085
"386","Israel","ISR",2001,2100.642,79.4787,28804.04,91.36502,19.8,6259977,15.663969
"387","Israel","ISR",2002,2035.921,79.5137,28186.555,91.444496,18.9,6387714,15.761427
"388","Israel","ISR",2003,1999.398,79.8194,28079.326,91.51769,18.8,6502821,15.890467
"389","Israel","ISR",2004,2035.345,80.3052,28870.008,91.5829,18.4,6615084,15.9619665
"390","Israel","ISR",2005,2105.462,80.3935,29600.146,91.63843,17.8,6728212,15.978754
"391","Israel","ISR",2006,2104.334,80.7857,30707.436,91.68258,18.7,6844029,15.953332
"392","Israel","ISR",2007,2179.791,80.9532,32071.31,91.71364,20.3,6962456,15.864569
"393","Israel","ISR",2008,2185.911,81.2828,32519.762,91.72929,19.6,7082621,15.759247
"394","Israel","ISR",2009,2229.764,81.8183,32139.115,91.73197,21.2,7206096,15.757552
"395","Israel","ISR",2010,2265.427,81.9742,33307.105,91.73164,21.6,7336735,15.904933
"396","Israel","ISR",2011,2292.54,81.9892,34499.95,91.7304,22.5,7471023,16.256376
"397","Israel","ISR",2012,2374.859,81.9849,34685.09,91.72765,21.5,7607781,16.781767
"398","Israel","ISR",2013,2416.968,82.354,35436.293,91.722786,20.8,7749369,17.266712
"399","Israel","ISR",2014,2493.564,82.3608,36055.086,91.715195,20,7897173,17.668768
"400","Israel","ISR",2015,2559.305,82.2538,36138.137,91.70429,21.9,8052916,18.105732
"401","Israel","ISR",2016,2676.74,82.6123,37044.01,91.68946,18.2,8210006,18.58448
"402","Israel","ISR",2017,2756.688,82.6993,37911.023,91.670105,18.8,8361796,19.038923
"403","Israel","ISR",2018,2825.573,82.9184,38695.01,91.64562,18.6,8510067,19.437086
"404","Israel","ISR",2019,2890.713,82.9048,39322.04,91.6154,18.5,8657466,19.775282
"405","Israel","ISR",2020,3015.382,82.6997,37938.383,91.57884,18,8800380,20.076065
"406","Israel","ISR",2021,3316.642,82.5169,40788.24,91.535355,18.1,8942925,20.333355
"407","Israel","ISR",2022,3143.611,82.8145,42539.273,91.497986,19.8,9103143,20.49521
"408","Israel","ISR",2023,3144.941,82.408,42131.742,91.50896,20.1,9256311,20.655157
"409","Italy","ITA",2000,3465.071,79.607,32609.668,67.19323,20.3,57272200,26.970888
"410","Italy","ITA",2001,3623.093,79.8849,33243.598,67.2752,18.8,57305760,27.515036
"411","Italy","ITA",2002,3699.086,80.112,33267.45,67.35388,20.4,57420636,28.05947
"412","Italy","ITA",2003,3670.812,80.191,33110.168,67.42994,20.7,57739697,28.535652
"413","Italy","ITA",2004,3854.506,81.0175,33348.973,67.50725,18.5,58176736,29.040413
"414","Italy","ITA",2005,3923.952,81.0201,33407.676,67.589714,19.6,58519696,29.618723
"415","Italy","ITA",2006,3992.867,81.4137,33873.05,67.68125,21.5,58754434,30.191862
"416","Italy","ITA",2007,3897.346,81.5002,34159.91,67.785774,21.1,59108723,30.54325
"417","Italy","ITA",2008,3985.801,81.6454,33550.633,67.907196,19.4,59561687,30.692942
"418","Italy","ITA",2009,4008.764,81.7619,31587.064,68.04942,19.4,59904016,30.913376
"419","Italy","ITA",2010,3999.115,82.1319,31928.555,68.21638,18.6,60164212,31.2003
"420","Italy","ITA",2011,3914.124,82.2282,32039.504,68.401505,20.8,60367882,31.644138
"421","Italy","ITA",2012,3788.466,82.252,30953.414,68.76088,19,60531522,32.250004
"422","Italy","ITA",2013,3713.707,82.6522,30330.021,69.307396,17.4,60653864,32.903316
"423","Italy","ITA",2014,3771.171,82.9008,30325.03,69.580765,15.8,60664169,33.61165
"424","Italy","ITA",2015,3836.314,82.5211,30639.883,69.61,18.6,60575314,34.2358
"425","Italy","ITA",2016,3862.937,83.0459,31077.68,69.596924,16.3,60478103,34.744606
"426","Italy","ITA",2017,3897.651,82.7263,31635.523,69.51808,17.5,60390317,35.18317
"427","Italy","ITA",2018,3918.914,83.1844,31963.643,69.48,15.9,60277496,35.613796
"428","Italy","ITA",2019,3931.603,83.3423,32180.434,69.505005,15.1,60130136,36.139507
"429","Italy","ITA",2020,4027.251,82.1814,29469.799,69.51875,15.4,59912763,36.609814
"430","Italy","ITA",2021,4269.413,82.8652,32267.709,69.48125,14.4,59729353,37.08672
"431","Italy","ITA",2022,4164.445,82.052,33891.887,69.48398,15.3,59619106,37.525337
"432","Italy","ITA",2023,4046.861,83.7157,34221.72,69.538155,14.8,59499452,38.002815
"433","Japan","JPN",2000,2791.511,81.1788,31779.379,78.61268,15.3,127027794,25.560057
"434","Japan","JPN",2001,2877.397,81.5101,31793.127,79.157745,13.9,127260144,26.591896
"435","Japan","JPN",2002,2919.498,81.7952,31746.242,80.54699,13.5,127484599,27.594088
"436","Japan","JPN",2003,2999.298,81.854,32115.582,82.42068,14.5,127671254,28.480116
"437","Japan","JPN",2004,3068.003,82.1275,32783.13,84.371056,13.1,127815769,29.448343
"438","Japan","JPN",2005,3159.049,82.0073,33385.918,85.95736,14.1,127913331,30.700607
"439","Japan","JPN",2006,3189.387,82.3699,33880.688,87.14609,14.7,127997247,32.050274
"440","Japan","JPN",2007,3260.746,82.5488,34426.695,88.27014,13.5,128087683,33.330166
"441","Japan","JPN",2008,3300.395,82.6332,34008.59,89.29216,15,128155992,34.59508
"442","Japan","JPN",2009,3499.913,82.9699,31993.86,90.11311,13.5,128192471,35.62427
"443","Japan","JPN",2010,3661.78,82.916,33311.29,90.622856,12.1,128185273,36.289238
"444","Japan","JPN",2011,4195.763,82.6705,33306.18,90.86317,12.5,128096430,37.43803
"445","Japan","JPN",2012,4326.861,83.1676,33909.492,91.02653,13.3,127928283,39.276196
"446","Japan","JPN",2013,4412.331,83.4018,34636.69,91.15166,12.7,127723642,41.242035
"447","Japan","JPN",2014,4448.194,83.6434,34996.88,91.2549,13.1,127486601,43.048412
"448","Japan","JPN",2015,4605.609,83.8832,35664.645,91.353264,13.3,127275868,44.6086
"449","Japan","JPN",2016,4635.302,84.0568,35934.445,91.454124,12.3,127159950,45.936916
"450","Japan","JPN",2017,4694.512,84.1891,36547.734,91.54984,12.1,127064686,46.98285
"451","Japan","JPN",2018,4741.327,84.289,36899.383,91.63773,12.2,126913432,47.792377
"452","Japan","JPN",2019,4826.319,84.4177,36837.258,91.71642,12.1,126699421,48.386402
"453","Japan","JPN",2020,4858.511,84.6703,35363.3,91.78099,11.3,126304533,48.97967
"454","Japan","JPN",2021,5264.429,84.55,36792.555,91.87411,11.2,125679342,49.583294
"455","Japan","JPN",2022,5244.311,84.0541,37448.35,91.97765,11.8,124997585,49.89284
"456","Japan","JPN",2023,4960.415,84.7123,37902.55,92.08269,11.2,124370947,50.12053
"457","Latvia","LVA",2000,716.232,70.1755,6336.383,68.052055,17.6,2368320,22.253147
"458","Latvia","LVA",2001,814.345,69.9058,6833.4355,68.016365,17.9,2338299,22.598574
"459","Latvia","LVA",2002,895.568,70.1755,7443.2295,67.981346,20.1,2311358,23.059662
"460","Latvia","LVA",2003,935.814,70.6361,8149.002,67.94939,18.2,2288983,23.583624
"461","Latvia","LVA",2004,1160.963,70.9395,8957.234,67.92067,16.7,2264179,24.121305
"462","Latvia","LVA",2005,1250.665,70.6324,10106.263,67.89539,16.7,2239787,24.634823
"463","Latvia","LVA",2006,1447.993,70.5501,11507.465,67.87373,18.8,2219039,25.164656
"464","Latvia","LVA",2007,1656.789,70.7894,12810.041,67.85589,21.2,2200774,25.601044
"465","Latvia","LVA",2008,1588.126,71.999,12506.694,67.84203,20.6,2177710,25.966295
"466","Latvia","LVA",2009,1360.854,72.6966,10675.425,67.83237,18.8,2142044,26.475645
"467","Latvia","LVA",2010,1360.401,73.0285,10500.866,67.827065,20.7,2097834,27.005856
"468","Latvia","LVA",2011,1362.259,73.7176,11018.516,67.82669,16.9,2059940,27.447481
"469","Latvia","LVA",2012,1417.399,73.9387,11971.011,67.83316,17.6,2034639,27.87827
"470","Latvia","LVA",2013,1474.067,74.1873,12353.539,67.847336,16.7,2013004,28.454418
"471","Latvia","LVA",2014,1548.815,74.306,12731.677,67.86861,18.2,1994153,29.180437
"472","Latvia","LVA",2015,1671.638,74.6646,13321.976,67.89654,15.6,1977874,29.860239
"473","Latvia","LVA",2016,1876.939,74.7568,13787.337,67.93071,13.6,1959863,30.49693
"474","Latvia","LVA",2017,1901.066,74.8005,14382.861,67.97069,13.2,1942599,31.101927
"475","Latvia","LVA",2018,2080.432,74.9793,15120.069,68.01604,15.9,1927586,31.564423
"476","Latvia","LVA",2019,2242.39,75.6278,15328.386,68.06632,13.6,1914267,32.049194
"477","Latvia","LVA",2020,2403.416,75.4781,14900.7295,68.121124,12.8,1901119,32.630108
"478","Latvia","LVA",2021,3189.776,73.1809,16070.168,68.18088,13.9,1885593,32.997437
"479","Latvia","LVA",2022,2719.077,74.8706,16421.375,68.25702,12.4,1881059,33.30394
"480","Latvia","LVA",2023,2463.881,76.1898,16229.385,68.358635,13,1882399,33.856815
"481","Lithuania","LTU",2000,977.683,72.1387,6384.3086,66.97684,16.3,3500410,20.894636
"482","Lithuania","LTU",2001,992.48,71.7123,6854.525,66.92861,16.2,3473008,21.430017
"483","Lithuania","LTU",2002,1092.509,71.8389,7374.098,66.88871,18.7,3444051,22.078047
"484","Lithuania","LTU",2003,1231.168,72.0883,8218.693,66.75967,16.5,3415276,22.668747
"485","Lithuania","LTU",2004,1211.196,72.0009,8851.926,66.60226,15,3376703,23.285152
"486","Lithuania","LTU",2005,1403.36,71.2464,9692.868,66.57849,14.8,3322264,23.90393
"487","Lithuania","LTU",2006,1601.115,70.9639,10577.215,66.63815,16.7,3269809,24.476389
"488","Lithuania","LTU",2007,1808.154,70.6982,11889.3545,66.7185,16.7,3231378,24.937359
"489","Lithuania","LTU",2008,2001.078,71.6959,12324.52,66.75278,18.7,3198482,25.293438
"490","Lithuania","LTU",2009,1875.476,72.8496,10612.92,66.78166,18.4,3163255,25.521826
"491","Lithuania","LTU",2010,1827.761,73.1962,10884.116,66.771286,20.3,3097721,26.088987
"492","Lithuania","LTU",2011,1902.265,73.608,11836.72,66.75183,17.4,3028642,26.765013
"493","Lithuania","LTU",2012,1938.097,73.9644,12516.618,66.853676,16.9,2988334,27.087473
"494","Lithuania","LTU",2013,1986.063,74.0268,13145.807,67.00921,15.4,2958359,27.389639
"495","Lithuania","LTU",2014,2105.776,74.596,13753.189,67.1515,17.1,2933171,27.83242
"496","Lithuania","LTU",2015,2270.348,74.4737,14269.804,67.22825,15,2905771,28.376804
"497","Lithuania","LTU",2016,2410.39,74.8195,14823.107,67.18942,13,2869109,29.006653
"498","Lithuania","LTU",2017,2480.149,75.7015,15695.999,67.101295,12.6,2829317,29.727137
"499","Lithuania","LTU",2018,2629.324,75.9091,16604.902,67.14648,14.5,2802485,30.241213
"500","Lithuania","LTU",2019,2931.672,76.4245,17431.725,67.245735,12.6,2795057,30.522528
"501","Lithuania","LTU",2020,3092.326,75.105,17443.654,67.42546,10.9,2795766,30.67819
"502","Lithuania","LTU",2021,3448.796,74.2967,18572.29,68.191216,12.4,2794490,30.700056
"503","Lithuania","LTU",2022,3257.874,74.696,18873.842,68.286644,10.9,2816923,30.49671
"504","Lithuania","LTU",2023,3242.39,76.025,18748.93,68.575455,11,2854104,30.410015
"505","Luxembourg","LUX",2000,4951.467,77.2635,92533.14,84.41821,15.1,436142,20.93378
"506","Luxembourg","LUX",2001,5309.61,77.5298,94249.164,84.81732,14.7,441754,20.768738
"507","Luxembourg","LUX",2002,5710.264,77.5518,96275.03,85.20342,14.9,446392,20.881996
"508","Luxembourg","LUX",2003,5897.039,77.2624,97603.41,85.59063,16.4,451845,20.888191
"509","Luxembourg","LUX",2004,6355.958,78.6583,100296.95,85.97991,14.5,458305,20.898523
"510","Luxembourg","LUX",2005,6381.051,78.8786,101226.11,86.373566,13.8,465369,20.931463
"511","Luxembourg","LUX",2006,6459.45,78.8384,105618.336,86.773895,15.2,472869,20.844946
"512","Luxembourg","LUX",2007,6351.31,79.1157,112422.15,87.1832,14.6,480277,20.745607
"513","Luxembourg","LUX",2008,6507.523,80.1066,110096.66,87.60377,14.5,488995,20.643595
"514","Luxembourg","LUX",2009,7058.642,79.9074,104576.125,88.03791,15.1,498196,20.564817
"515","Luxembourg","LUX",2010,7065.646,80.0987,106545.85,88.487915,14.9,507418,20.45781
"516","Luxembourg","LUX",2011,5838.435,80.2848,105292.016,88.95628,14.7,518583,20.311478
"517","Luxembourg","LUX",2012,5195.431,80.4383,104489.3,89.440575,13.1,530951,20.237148
"518","Luxembourg","LUX",2013,5211.474,80.8544,105340.414,89.941376,14.3,543358,20.295061
"519","Luxembourg","LUX",2014,5308.112,81.2359,105585.4,90.45778,12.2,556285,20.418623
"520","Luxembourg","LUX",2015,5204.968,81.2561,105462.016,90.989365,11.9,569540,20.486761
"521","Luxembourg","LUX",2016,5234.716,81.6199,108351.45,91.535706,11.1,583511,20.50599
"522","Luxembourg","LUX",2017,5226.134,81.0892,107142.055,92.096375,10.7,596506,20.569473
"523","Luxembourg","LUX",2018,5361.343,81.5187,106788.664,92.670944,10.9,608109,20.66646
"524","Luxembourg","LUX",2019,5542.815,81.5879,107591.9,93.25899,9,620167,20.803051
"525","Luxembourg","LUX",2020,5858.675,81.4108,105274.18,93.86007,8,630597,20.987835
"526","Luxembourg","LUX",2021,6267.709,81.8392,110873.12,94.586174,8.6,640276,21.201557
"527","Luxembourg","LUX",2022,6133.524,82.2007,107467.125,94.760544,8.9,653315,21.403952
"528","Luxembourg","LUX",2023,6085.522,82.2294,105422.766,94.80153,8.1,665101,21.846792
"529","Mexico","MEX",2000,844.683,72.5621,9581.97,74.92031,19.8,98625553,8.2415695
"530","Mexico","MEX",2001,915.925,72.9118,9398.351,75.29076,18.2,100099101,8.410011
"531","Mexico","MEX",2002,958.966,73.1056,9242.279,75.684074,18.1,101548627,8.596357
"532","Mexico","MEX",2003,928.652,73.308,9221.997,76.04617,18.9,102978517,8.779426
"533","Mexico","MEX",2004,981.295,73.4324,9421.29,76.32744,17,104394131,8.951085
"534","Mexico","MEX",2005,959.943,73.6267,9491.518,76.47486,18.7,105811504,9.10366
"535","Mexico","MEX",2006,1004.713,73.7457,9813.828,76.498245,17.3,107253666,9.231139
"536","Mexico","MEX",2007,1025.558,73.7955,9877.695,76.50473,17.8,108774356,9.316909
"537","Mexico","MEX",2008,1024.341,73.6949,9826.342,76.50904,16.9,110374286,9.373095
"538","Mexico","MEX",2009,1012.81,73.6281,9074.119,76.5144,16.7,111999720,9.429676
"539","Mexico","MEX",2010,1033.719,73.7181,9389.067,76.524445,15.9,113623898,9.496518
"540","Mexico","MEX",2011,1045.38,73.9209,9575.935,76.56678,17.4,115243503,9.584414
"541","Mexico","MEX",2012,1095.312,74.1278,9782.518,76.65852,17,116818208,9.701438
"542","Mexico","MEX",2013,1112.171,74.289,9738.711,76.79558,17.4,118343572,9.838497
"543","Mexico","MEX",2014,1072.161,74.4044,9862.481,76.97414,16.3,119784265,9.991657
"544","Mexico","MEX",2015,1132.107,74.4315,10021.238,77.190384,16.7,121072310,10.1655445
"545","Mexico","MEX",2016,1123.494,74.3763,10100.502,77.440506,17,122251344,10.357407
"546","Mexico","MEX",2017,1116.324,74.2609,10193.772,77.720695,17.3,123400052,10.567999
"547","Mexico","MEX",2018,1119.181,74.3009,10296.869,78.02712,16.6,124573713,10.799745
"548","Mexico","MEX",2019,1134.141,74.5302,10159.445,78.35599,17.3,125762978,11.052409
"549","Mexico","MEX",2020,1184.145,70.4492,9234.644,78.67796,17.1,126799053,11.245359
"550","Mexico","MEX",2021,1202.234,69.7499,9728.057,78.9324,17.1,127648151,11.35833
"551","Mexico","MEX",2022,1198.601,73.9731,10013.248,79.199684,16.8,128613116,11.564912
"552","Mexico","MEX",2023,1242.889,75.069,10234.684,79.473495,17,129739761,11.898048
"553","Netherlands","NLD",2000,4069.825,78.13,40665.3,78.48268,15.1,16058757,19.887365
"554","Netherlands","NLD",2001,4339.305,78.3379,41297.285,80.18406,14.2,16182705,19.959654
"555","Netherlands","NLD",2002,4623.156,78.4119,41135.402,80.808525,15.2,16288060,20.040854
"556","Netherlands","NLD",2003,4799.937,78.6649,40981.84,81.30113,17,16366914,20.189667
"557","Netherlands","NLD",2004,4895.442,79.2389,41663.13,82.25095,15,16425562,20.44025
"558","Netherlands","NLD",2005,4984.819,79.488,42411.348,83.5049,14.3,16465707,20.75938
"559","Netherlands","NLD",2006,5129.793,79.8466,43841.09,84.65323,15,16493851,21.0845
"560","Netherlands","NLD",2007,5275.052,80.255,45445.543,85.40892,15.3,16531360,21.4165
"561","Netherlands","NLD",2008,5500.15,80.3866,46227.2,85.61496,16.1,16597259,21.80595
"562","Netherlands","NLD",2009,5698.14,80.6712,44304.402,86.22232,16.4,16684148,22.27141
"563","Netherlands","NLD",2010,5790.657,80.8293,44659.28,87.35028,16.2,16771232,22.741825
"564","Netherlands","NLD",2011,5802.803,81.1096,45239.72,88.00592,16.5,16851061,23.522175
"565","Netherlands","NLD",2012,5897.956,81.059,44631.887,88.53425,13.6,16915191,24.599308
"566","Netherlands","NLD",2013,5873.494,81.3011,44487.04,89.174995,14.1,16967066,25.544237
"567","Netherlands","NLD",2014,5893.049,81.6503,45042.05,89.83648,13.9,17030085,26.360058
"568","Netherlands","NLD",2015,5882.047,81.49,45793.812,90.27877,12.7,17107429,27.04723
"569","Netherlands","NLD",2016,5951.329,81.5549,46655.035,90.58032,12.1,17204693,27.610636
"570","Netherlands","NLD",2017,5940.74,81.7366,47670.086,91.12197,12.1,17315376,28.160875
"571","Netherlands","NLD",2018,6002.316,81.7813,48463.004,92.60625,12.8,17421285,28.718792
"572","Netherlands","NLD",2019,6176.61,82.053,49254.023,93.8898,11.1,17537505,29.247862
"573","Netherlands","NLD",2020,6515.942,81.3931,47086.566,94.25323,9.3,17636732,29.775843
"574","Netherlands","NLD",2021,6921.786,81.356,49780.832,94.62948,10,17730565,30.296797
"575","Netherlands","NLD",2022,6448.482,81.9121,51777.53,94.98562,9.6,17904421,30.714602
"576","Netherlands","NLD",2023,6293.97,82.1576,50960.78,95.32217,8.7,18092526,31.145605
"577","New Zealand","NZL",2000,2439.959,78.6681,30839.295,85.70596,6.7,3857576,17.945335
"578","New Zealand","NZL",2001,2591.291,78.6615,31705.248,85.75452,6.8,3891763,18.023376
"579","New Zealand","NZL",2002,2735.164,78.8659,32628.432,85.80616,6.7,3951116,17.967327
"580","New Zealand","NZL",2003,2777.006,79.1414,33502.65,85.85796,6.8,4022585,17.881405
"581","New Zealand","NZL",2004,2930.905,79.3548,34358.63,85.90177,6.6,4083912,17.902262
"582","New Zealand","NZL",2005,3123.282,80.0308,35112.08,85.92993,6.7,4135002,18.080782
"583","New Zealand","NZL",2006,3297.829,80.0152,35649.027,85.935684,6.7,4181943,18.37069
"584","New Zealand","NZL",2007,3343.411,80.122,36400.016,85.929184,6.8,4223270,18.66763
"585","New Zealand","NZL",2008,3361.378,80.2457,35722.227,85.914474,6.9,4261819,18.931587
"586","New Zealand","NZL",2009,3528.065,80.545,35352.645,85.89184,6.7,4304304,19.225164
"587","New Zealand","NZL",2010,3566.532,81.0517,35476.37,85.861404,6.9,4347766,19.610893
"588","New Zealand","NZL",2011,3623.351,80.8422,35961.91,85.82332,7.1,4382699,20.142113
"589","New Zealand","NZL",2012,3692.654,81.1668,36588.82,85.7777,6.9,4411682,20.830639
"590","New Zealand","NZL",2013,3767.779,81.6119,37240.027,85.708015,7.1,4453857,21.493074
"591","New Zealand","NZL",2014,3843.927,81.4106,38025.47,85.50767,6.9,4522976,21.931553
"592","New Zealand","NZL",2015,3889.226,81.5866,38648.73,85.15188,7,4614035,22.181374
"593","New Zealand","NZL",2016,3940.332,82.0027,39205.035,84.69137,7.1,4714768,22.387821
"594","New Zealand","NZL",2017,4002.614,81.6053,39667.688,84.170105,7.2,4812749,22.619339
"595","New Zealand","NZL",2018,4041.072,81.8838,40257.914,83.80179,7.1,4900840,22.924362
"596","New Zealand","NZL",2019,4129.82,81.8322,40615.727,83.80496,8.2,4989410,23.330046
"597","New Zealand","NZL",2020,4352.668,82.6628,39702.312,83.813896,7.3,5069895,23.878351
"598","New Zealand","NZL",2021,4687.693,82.3003,41309.82,83.82994,7,5107694,24.628647
"599","New Zealand","NZL",2022,5300.008,81.0061,42716.086,83.85473,7.3,5131731,25.312195
"600","New Zealand","NZL",2023,4973.105,82.088,42501.492,83.8899,7.1,5172837,25.889872
"601","Norway","NOR",2000,3989.35,78.6916,67611.34,76.133896,8.4,4490864,23.372196
"602","Norway","NOR",2001,4154.347,78.8958,68725.41,76.39586,7.6,4513650,23.084692
"603","Norway","NOR",2002,4534.154,78.9602,69352.05,76.79555,8,4538016,22.813568
"604","Norway","NOR",2003,4638.875,79.5291,69702.36,77.26,8.6,4564666,22.593538
"605","Norway","NOR",2004,4787.257,79.9645,72292.12,77.56846,7.3,4591739,22.470774
"606","Norway","NOR",2005,4945.545,80.1695,73933.74,77.82601,7.1,4623120,22.3875
"607","Norway","NOR",2006,5068.261,80.4404,75428.88,78.08772,8.4,4660487,22.258133
"608","Norway","NOR",2007,5317.55,80.5024,77205.76,78.40725,7.1,4709017,22.126831
"609","Norway","NOR",2008,5536.486,80.6772,76876.87,78.7541,7.5,4768097,22.106438
"610","Norway","NOR",2009,5655.269,80.8655,74688.75,79.05708,7.5,4828625,22.283493
"611","Norway","NOR",2010,5724.201,81.0392,74505.43,79.245,7.6,4889160,22.605616
"612","Norway","NOR",2011,5902.436,81.2454,74563.836,79.31162,8,4952969,23.031712
"613","Norway","NOR",2012,6086.207,81.4458,75669.06,79.49059,6.9,5018453,23.493149
"614","Norway","NOR",2013,6184.347,81.6683,75711.24,79.9724,7.1,5080126,23.908888
"615","Norway","NOR",2014,6395.673,82.0869,76430.734,80.61172,7.4,5137397,24.321003
"616","Norway","NOR",2015,6648.839,82.2728,77220.95,81.23782,6.3,5189777,24.729593
"617","Norway","NOR",2016,6706.186,82.4151,77532.27,81.68,6.5,5235974,25.149141
"618","Norway","NOR",2017,6767.314,82.6242,78961.77,81.96998,6.1,5276807,25.617922
"619","Norway","NOR",2018,6886.235,82.7599,79313.29,82.24521,6.8,5311751,26.145607
"620","Norway","NOR",2019,7053.885,82.9553,79937.51,82.49359,6.3,5347733,26.662819
"621","Norway","NOR",2020,7220.869,83.1953,78387.05,82.70299,5.3,5379275,27.21695
"622","Norway","NOR",2021,7523.408,83.1656,81199.336,82.86129,6.4,5408082,27.798655
"623","Norway","NOR",2022,7626.737,82.6309,83756.74,82.95637,6.1,5456796,28.216139
"624","Norway","NOR",2023,7539.746,83.3078,83100.8,83.07185,6,5519167,28.497877
"625","Poland","POL",2000,1001.109,73.6453,7401.577,61.745914,25.2,38258077,17.917543
"626","Poland","POL",2001,1080.38,74.1771,7494.961,61.75577,26.7,38247359,18.113104
"627","Poland","POL",2002,1169.97,74.5183,7640.993,61.758152,29.3,38229407,18.31839
"628","Poland","POL",2003,1188.796,74.7716,7915.554,61.728138,27.9,38203527,18.491064
"629","Poland","POL",2004,1236.763,74.9434,8323.388,61.655518,25.7,38167568,18.662664
"630","Poland","POL",2005,1270.774,75.127,8598.577,61.5497,27,38124377,18.82846
"631","Poland","POL",2006,1347.596,75.2504,9137.658,61.419968,29.4,38071169,18.949755
"632","Poland","POL",2007,1474.249,75.4143,9760.704,61.2756,22.9,38020420,18.999228
"633","Poland","POL",2008,1658.258,75.5829,10187.202,61.125877,22.9,37995902,19.009167
"634","Poland","POL",2009,1774.053,75.9063,10446.529,60.980076,24.8,38002153,18.994621
"635","Poland","POL",2010,1779.268,76.2823,10808.397,60.847477,28.7,38095356,19.014074
"636","Poland","POL",2011,1791.015,76.5683,11370.313,60.73571,26.9,38208644,19.2705
"637","Poland","POL",2012,1796.318,76.7748,11542.235,60.634163,24.1,38247867,19.792955
"638","Poland","POL",2013,1872.492,77.0758,11628.229,60.533318,23,38259267,20.470629
"639","Poland","POL",2014,1910.81,77.312,12093.162,60.434006,24,38265113,21.241848
"640","Poland","POL",2015,2051.793,77.5894,12637.522,60.33629,22,38266314,22.104797
"641","Poland","POL",2016,2182.693,77.6395,13026.186,60.240227,21.3,38263260,23.062853
"642","Poland","POL",2017,2294.366,77.7155,13695.6455,60.14589,21.7,38254964,24.080751
"643","Poland","POL",2018,2319.602,77.6232,14551.085,60.05333,22.4,38241070,25.120308
"644","Poland","POL",2019,2497.099,77.9213,15221.309,59.96262,18.7,38225884,26.177345
"645","Poland","POL",2020,2510.275,76.5951,15090.223,59.873814,16.6,38171005,27.18558
"646","Poland","POL",2021,2726.095,75.6387,16368.624,59.80965,18.4,38040303,28.057922
"647","Poland","POL",2022,2881.891,77.9229,17303.645,59.83155,16.6,38385734,28.941586
"648","Poland","POL",2023,3124.894,78.6329,17410.383,59.885956,14.9,38762847,29.908493
"649","Portugal","PRT",2000,2705.548,76.8301,18822.094,54.405163,11.8,10283196,23.896994
"650","Portugal","PRT",2001,2737.947,77.1517,19053.09,55.06798,12,10354329,24.307995
"651","Portugal","PRT",2002,2802.648,77.3698,19095.11,55.7893,12.4,10413045,24.684626
"652","Portugal","PRT",2003,2871.974,77.5828,18846.541,56.58655,11.7,10454246,25.035105
"653","Portugal","PRT",2004,3040.324,78.4274,19137.838,57.417187,10.1,10481386,25.445328
"654","Portugal","PRT",2005,3088.569,78.3169,19251.715,58.245075,15,10502993,25.836119
"655","Portugal","PRT",2006,3037.075,79.0894,19529.312,59.034096,12.7,10524123,26.158201
"656","Portugal","PRT",2007,3078.083,79.3087,19979.57,59.74811,12.4,10546822,26.47226
"657","Portugal","PRT",2008,3168.837,79.6026,20014.475,60.351,8.9,10564086,26.849037
"658","Portugal","PRT",2009,3322.533,79.8295,19371.133,60.806637,9.6,10576265,27.331873
"659","Portugal","PRT",2010,3322.481,80.1149,19698.684,61.078888,9.3,10578659,27.915682
"660","Portugal","PRT",2011,3132.738,80.5822,19389.639,61.14107,10,10557050,28.52845
"661","Portugal","PRT",2012,2971.328,80.5549,18679.762,61.14098,8.7,10513155,29.134789
"662","Portugal","PRT",2013,2913.658,80.9029,18597.72,61.14053,9.3,10458287,29.90013
"663","Portugal","PRT",2014,2941.462,81.3135,18836.896,61.139454,8.4,10406203,30.76334
"664","Portugal","PRT",2015,3040.267,81.3213,19215.781,61.13747,10.3,10370264,31.563845
"665","Portugal","PRT",2016,3146.94,81.3636,19662.822,61.1343,9.9,10346377,32.375095
"666","Portugal","PRT",2017,3227.429,81.6605,20364.195,61.129673,10.3,10330838,33.228592
"667","Portugal","PRT",2018,3360.34,81.5915,20997.775,61.123306,9.3,10325355,34.050953
"668","Portugal","PRT",2019,3513.439,81.9587,21569.188,61.114925,8,10343218,34.908253
"669","Portugal","PRT",2020,3599.297,81.3664,19778.715,61.104256,8.3,10370519,35.798355
"670","Portugal","PRT",2021,3993.987,81.3978,20747.7,61.095123,8.4,10390957,36.60155
"671","Portugal","PRT",2022,3952.183,81.1936,22042.867,61.125927,9.1,10417074,37.373615
"672","Portugal","PRT",2023,3916.534,82.3599,22417.164,61.204865,8.4,10430735,38.23013
"673","Slovakia","SVK",2000,1076.981,73.1393,8997.212,56.10589,22.8,5380001,16.420666
"674","Slovakia","SVK",2001,1116.222,73.5706,9277.358,55.99684,23.5,5379439,16.364992
"675","Slovakia","SVK",2002,1215.681,73.765,9690.685,55.877613,24.9,5377685,16.326517
"676","Slovakia","SVK",2003,1252.346,73.8185,10168.022,55.7386,24.5,5376197,16.314468
"677","Slovakia","SVK",2004,1541.205,74.2172,10718.21,55.584385,22.8,5376038,16.342758
"678","Slovakia","SVK",2005,1663.004,74.1562,11412.159,55.418983,24.5,5376697,16.419855
"679","Slovakia","SVK",2006,1835.427,74.4161,12430.201,55.24643,25.9,5376847,16.525919
"680","Slovakia","SVK",2007,2104.513,74.4947,13770.96,55.070736,19.4,5376993,16.650959
"681","Slovakia","SVK",2008,2117.335,74.8643,14497.111,54.89593,20.1,5379127,16.79741
"682","Slovakia","SVK",2009,2246.515,75.2175,13680.754,54.726036,21.4,5385074,17.016619
"683","Slovakia","SVK",2010,2298.101,75.4963,14596.147,54.565075,22.3,5391857,17.262302
"684","Slovakia","SVK",2011,2199.531,76.0181,14950.873,54.41674,24.2,5398105,17.543333
"685","Slovakia","SVK",2012,2250.106,76.1764,15159.657,54.27645,21.4,5404877,17.999243
"686","Slovakia","SVK",2013,2232.09,76.5139,15249.883,54.1384,21,5410422,18.608278
"687","Slovakia","SVK",2014,2098.889,76.8484,15647.649,54.002914,19.7,5415238,19.290087
"688","Slovakia","SVK",2015,2161.854,76.6505,16442.076,53.870064,19.6,5420278,20.059158
"689","Slovakia","SVK",2016,2261.442,77.2156,16740.742,53.739933,18.5,5427262,20.962399
"690","Slovakia","SVK",2017,2248.709,77.22,17195.29,53.612602,19.2,5435702,21.943811
"691","Slovakia","SVK",2018,2306.896,77.265,17869.016,53.48815,19,5443229,22.925934
"692","Slovakia","SVK",2019,2458.131,77.6863,18250.98,53.366657,15.7,5450627,23.924084
"693","Slovakia","SVK",2020,2448.986,76.8643,17763.855,53.2482,14.2,5455028,24.87271
"694","Slovakia","SVK",2021,2780.793,74.5901,18808.453,53.190147,15.8,5442766,25.64658
"695","Slovakia","SVK",2022,2746.242,77.0356,18964.83,53.190285,14.3,5473195,26.428835
"696","Slovakia","SVK",2023,2682.216,78.3414,19383.373,53.190804,13.1,5518057,27.32183
"697","Slovenia","SVN",2000,2190.043,75.8302,16146.122,50.697502,19.3,1986817,19.820957
"698","Slovenia","SVN",2001,2285.835,76.1809,16576.717,50.75975,19.7,1989684,20.224007
"699","Slovenia","SVN",2002,2410.677,76.3155,17099.658,50.774456,20.7,1991571,20.612047
"700","Slovenia","SVN",2003,2506.477,76.3172,17635.361,50.755383,20.4,1992499,20.960596
"701","Slovenia","SVN",2004,2563.328,76.9319,18425.26,50.71244,19,1993548,21.341448
"702","Slovenia","SVN",2005,2654.465,77.5029,19102.277,50.64878,20.3,1996915,21.768183
"703","Slovenia","SVN",2006,2728.433,77.8204,20166.533,50.567257,21.5,2003116,22.179157
"704","Slovenia","SVN",2007,2795.158,78.2855,21485.781,50.470715,17.1,2014159,22.574232
"705","Slovenia","SVN",2008,2977.934,78.595,22175.236,50.362003,18,2025090,23.040436
"706","Slovenia","SVN",2009,3051.665,79.027,20307.62,50.243977,17.7,2035610,23.411577
"707","Slovenia","SVN",2010,2992.742,79.3008,20444.121,50.119488,17.8,2044611,23.539488
"708","Slovenia","SVN",2011,2974.925,79.5884,20535.416,49.94638,20.7,2048805,23.81321
"709","Slovenia","SVN",2012,2922.1,79.7652,19894.87,49.761948,18,2053322,24.393034
"710","Slovenia","SVN",2013,2915.911,80.0884,19704.219,50.046658,16.7,2056452,25.094927
"711","Slovenia","SVN",2014,2929.327,80.2517,20228.709,50.98347,14.7,2058395,25.881037
"712","Slovenia","SVN",2015,3043.31,80.4994,20697.275,53.661217,17,2059946,26.81019
"713","Slovenia","SVN",2016,3147.847,80.512,21309.713,53.647274,15.8,2061379,27.790262
"714","Slovenia","SVN",2017,3175.68,80.6163,22397.764,55.245113,16.2,2062410,28.779339
"715","Slovenia","SVN",2018,3343.208,80.861,23293.967,55.19134,16.4,2069484,29.717888
"716","Slovenia","SVN",2019,3541.763,81.007,23943.18,55.452328,13.4,2083438,30.5034
"717","Slovenia","SVN",2020,3756.19,80.3641,22811.805,55.38439,13.2,2102421,31.057722
"718","Slovenia","SVN",2021,4032.24,80.434,24665.441,55.30463,12.6,2113495,31.694794
"719","Slovenia","SVN",2022,4117.391,80.7933,25275.717,55.33778,14,2115231,32.583286
"720","Slovenia","SVN",2023,4123.041,81.6034,25773.902,55.53789,12.3,2118394,33.431095
"721","South Korea","KOR",2000,971.327,76.2351,17763.135,79.57996,21.1,46766660,9.855713
"722","South Korea","KOR",2001,1114.389,76.9195,18460.43,79.87877,20.7,47043467,10.366291
"723","South Korea","KOR",2002,1115.33,77.2304,19775.38,80.27663,18.9,47299118,10.895057
"724","South Korea","KOR",2003,1304.625,77.4974,20278.041,80.707794,24.9,47514158,11.438587
"725","South Korea","KOR",2004,1351.043,77.9571,21244.814,81.104385,20.7,47697076,11.995768
"726","South Korea","KOR",2005,1456.282,78.4486,22123.762,81.39014,21.3,47851646,12.538508
"727","South Korea","KOR",2006,1597.519,79.0348,23162.186,81.56646,23.5,48006518,13.100356
"728","South Korea","KOR",2007,1692.438,79.4323,24391.766,81.71213,22.8,48178122,13.67895
"729","South Korea","KOR",2008,1798.315,79.9956,24934.54,81.83508,22.9,48356485,14.180727
"730","South Korea","KOR",2009,1972.492,80.5504,25009.914,81.92451,21.8,48546690,14.642528
"731","South Korea","KOR",2010,2152.556,80.7172,26623.049,81.968506,19.9,48769329,15.127906
"732","South Korea","KOR",2011,2203.788,81.1685,27393.455,81.96154,20.3,49127640,15.570023
"733","South Korea","KOR",2012,2250.775,81.3075,27944.057,81.90879,20.8,49599580,15.998629
"734","South Korea","KOR",2013,2354.91,81.8356,28732.71,81.826935,22.9,50071168,16.506495
"735","South Korea","KOR",2014,2479.069,82.3641,29470.674,81.73157,24.2,50539055,17.082767
"736","South Korea","KOR",2015,2683.729,82.5404,30171.791,81.63949,24.6,50983909,17.66643
"737","South Korea","KOR",2016,2850.466,82.9204,31005.408,81.55592,25.5,51297836,18.222977
"738","South Korea","KOR",2017,3008.663,83.2784,31979.902,81.47103,23.7,51486268,18.963062
"739","South Korea","KOR",2018,3214.47,83.34,32852.89,81.382355,21.9,51640894,19.83118
"740","South Korea","KOR",2019,3478.146,83.6846,33496.312,81.29011,22.2,51767844,20.753437
"741","South Korea","KOR",2020,3618.078,83.6752,33215.93,81.17596,18.8,51858481,21.937458
"742","South Korea","KOR",2021,3957.977,83.8517,34792.94,81.16165,17.7,51848401,23.265865
"743","South Korea","KOR",2022,4220.068,82.727,35809.016,81.16249,17.5,51782515,24.56901
"744","South Korea","KOR",2023,4043.774,84.3288,36347.703,81.16456,18.5,51748744,25.912172
"745","Spain","ESP",2000,2435.093,79.4123,24106.883,76.165054,12.7,41019772,24.098215
"746","Spain","ESP",2001,2515.454,79.7387,24878.379,76.31569,12.3,41245602,24.517242
"747","Spain","ESP",2002,2591.128,79.8177,25205.316,76.49342,12.5,41755703,24.68184
"748","Spain","ESP",2003,2946.589,79.7482,25481.166,76.709335,12.5,42506540,24.481462
"749","Spain","ESP",2004,3035.074,80.3283,25825.31,76.95496,12.9,43234562,24.120302
"750","Spain","ESP",2005,3152.315,80.3196,26294.447,77.22068,12.5,43958883,23.981306
"751","Spain","ESP",2006,3278.309,80.9627,26899.092,77.496864,12.8,44695446,23.975435
"752","Spain","ESP",2007,3374.257,80.9696,27338.795,77.773895,13.1,45516501,23.806082
"753","Spain","ESP",2008,3498.843,81.2782,27112.525,78.042145,11.6,46235055,23.856964
"754","Spain","ESP",2009,3649.727,81.627,25860.814,78.29199,12.2,46635182,24.22623
"755","Spain","ESP",2010,3598.611,82.0063,25766.252,78.51382,10.8,46840469,24.752085
"756","Spain","ESP",2011,3516.177,82.1804,25510.559,78.6954,11.6,46998040,25.290552
"757","Spain","ESP",2012,3364.255,82.1905,24763.568,78.845566,11.2,47018323,25.842503
"758","Spain","ESP",2013,3281.297,82.6943,24498.557,78.98581,10.1,46860394,26.585194
"759","Spain","ESP",2014,3333.149,82.8283,24947.852,79.119675,9.8,46720187,27.343317
"760","Spain","ESP",2015,3494.067,82.6109,25982.441,79.24549,11.3,46683683,27.867893
"761","Spain","ESP",2016,3535.115,82.9999,26719.244,79.361595,10.1,46732768,28.269125
"762","Spain","ESP",2017,3626.325,82.9862,27426.281,79.466324,10.8,46868594,28.663626
"763","Spain","ESP",2018,3708.217,83.0956,27956.723,79.55801,10.2,47092817,29.003326
"764","Spain","ESP",2019,3818.956,83.4794,28301.44,79.63498,10.1,47435121,29.256737
"765","Spain","ESP",2020,3996.229,82.2413,25077.02,79.695564,9.6,47679482,29.49176
"766","Spain","ESP",2021,4094.163,82.9508,26705.363,79.78462,9.6,47735670,29.855715
"767","Spain","ESP",2022,3973.838,82.3661,28203.11,79.95488,10.5,47828386,30.446545
"768","Spain","ESP",2023,3902.613,83.6703,28558.633,80.128494,10,47911583,31.20693
"769","Sweden","SWE",2000,3207.196,79.7387,41561.773,84.04,8,8872099,26.831173
"770","Sweden","SWE",2001,3484.029,79.8363,42014.402,84.08272,7.2,8896018,26.668783
"771","Sweden","SWE",2002,3649.532,79.9349,42831.758,84.134254,7.8,8925045,26.522966
"772","Sweden","SWE",2003,3723.876,80.1951,43475.367,84.19543,8.1,8958434,26.423885
"773","Sweden","SWE",2004,3759.193,80.5465,45114.67,84.267075,7.2,8993805,26.422585
"774","Sweden","SWE",2005,3835.367,80.6213,46189.684,84.35,7.4,9029771,26.431507
"775","Sweden","SWE",2006,3941.751,80.8318,48078.35,84.45532,8.3,9080628,26.415133
"776","Sweden","SWE",2007,4043.332,80.97,49262.152,84.59069,7,9148280,26.528778
"777","Sweden","SWE",2008,4106.599,81.1373,48428.66,84.75174,7.2,9219903,26.865084
"778","Sweden","SWE",2009,4190.808,81.3633,45974.39,84.934105,7,9298738,27.390575
"779","Sweden","SWE",2010,4153.327,81.519,48205.55,85.13342,7,9378234,28.042326
"780","Sweden","SWE",2011,5324.135,81.7584,49356.59,85.36008,7.7,9449263,28.77752
"781","Sweden","SWE",2012,5416.972,81.7299,48789.79,85.62507,6.3,9519477,29.516397
"782","Sweden","SWE",2013,5502.165,81.9354,48928.5,85.92498,6.1,9600620,30.202118
"783","Sweden","SWE",2014,5631.31,82.2241,49557.617,86.256386,7.6,9696438,30.80107
"784","Sweden","SWE",2015,5782.029,82.1844,51188.164,86.61587,6.1,9799483,31.257685
"785","Sweden","SWE",2016,5866.121,82.3391,51626.324,87,5.8,9923281,31.506044
"786","Sweden","SWE",2017,5885.21,82.4377,51894.375,87.23737,5.4,10057864,31.640379
"787","Sweden","SWE",2018,5982.065,82.5321,52203.086,87.47374,6.5,10175400,31.810669
"788","Sweden","SWE",2019,5991.582,83.0518,53024.41,87.70884,5.9,10279120,32.00432
"789","Sweden","SWE",2020,6067.976,82.4271,51624.582,87.942406,5,10353682,32.212677
"790","Sweden","SWE",2021,6316.23,83.0196,53997.133,88.174164,5.5,10416134,32.456142
"791","Sweden","SWE",2022,6137.483,83.046,54304.188,88.403854,5.2,10487335,32.67961
"792","Sweden","SWE",2023,6184.287,83.2624,53937.797,88.63122,5.1,10551493,32.96824
"793","Switzerland","CHE",2000,5034.5,79.834,74933.27,73.30243,15.3,7184003,22.772799
"794","Switzerland","CHE",2001,5277.762,80.2511,75646.18,73.3763,15.6,7226391,22.899752
"795","Switzerland","CHE",2002,5472.736,80.4438,75361.695,73.41953,16.3,7278744,22.948147
"796","Switzerland","CHE",2003,5573.406,80.5325,74592.03,73.45187,17.6,7333451,22.997316
"797","Switzerland","CHE",2004,5712.372,81.0549,75997.445,73.476135,13.8,7384196,23.119957
"798","Switzerland","CHE",2005,5733.32,81.2362,77741.34,73.4951,14.5,7431824,23.293587
"799","Switzerland","CHE",2006,5687.852,81.5495,80448.97,73.51158,15.2,7478514,23.535736
"800","Switzerland","CHE",2007,5797.595,81.7028,82909.13,73.52838,13.7,7545386,23.815544
"801","Switzerland","CHE",2008,5926.419,81.9709,83934.766,73.548294,13.7,7641730,24.072485
"802","Switzerland","CHE",2009,6133.179,81.9891,81288.64,73.57412,14.7,7737644,24.385843
"803","Switzerland","CHE",2010,6165.375,82.2873,83069.43,73.60867,14.7,7825750,24.721697
"804","Switzerland","CHE",2011,6298.444,82.5738,83307.32,73.65059,15.4,7914379,25.09604
"805","Switzerland","CHE",2012,6502.477,82.6167,83354.02,73.752266,13.3,7998927,25.52379
"806","Switzerland","CHE",2013,6728.825,82.6892,83914.02,74.11214,13.3,8091199,25.904753
"807","Switzerland","CHE",2014,6818.011,83.0841,85004.81,74.740265,11.2,8190238,26.254032
"808","Switzerland","CHE",2015,7052.876,82.8461,85265.06,75.6045,12.3,8283940,26.57493
"809","Switzerland","CHE",2016,7229.328,83.4457,85951.23,76.67267,11.3,8374903,26.86407
"810","Switzerland","CHE",2017,7295.414,83.414,86362.36,77.91263,11,8453630,27.192087
"811","Switzerland","CHE",2018,7284.877,83.5639,88581.086,79.29222,11.1,8516341,27.573006
"812","Switzerland","CHE",2019,7481.35,83.7804,88932.414,80.77929,9.5,8577525,27.96445
"813","Switzerland","CHE",2020,7621.094,83.0626,86293.92,82.34168,8.9,8640582,28.298746
"814","Switzerland","CHE",2021,8026.259,83.6477,90924.92,84.200645,9.1,8707019,28.650898
"815","Switzerland","CHE",2022,8015.091,83.2003,93360.44,84.92062,9.5,8792180,29.214565
"816","Switzerland","CHE",2023,7918.612,83.9536,92947.945,85.185425,9.1,8870564,29.963114
"817","Turkey","TUR",2000,658.035,71.9312,6326.2573,58.97061,23.2,65425957,9.080816
"818","Turkey","TUR",2001,672.312,72.2711,5906.9233,59.872246,23.2,66245125,9.278066
"819","Turkey","TUR",2002,736.904,72.6047,6211.7056,60.738533,23.7,67048792,9.481492
"820","Turkey","TUR",2003,754.507,72.9061,6496.0728,61.584507,22.4,67831735,9.6898575
"821","Turkey","TUR",2004,813.664,73.2232,7061.622,62.438847,21.6,68592621,9.902761
"822","Turkey","TUR",2005,853.973,73.5098,7623.1465,63.330246,21.5,69329557,10.1195135
"823","Turkey","TUR",2006,945.264,73.8038,8078.515,64.28739,22.9,70045351,10.335599
"824","Turkey","TUR",2007,993.208,74.1291,8477.533,65.33896,23.2,70750593,10.545346
"825","Turkey","TUR",2008,996.374,74.3802,8447.939,66.51365,23.4,71562343,10.6621275
"826","Turkey","TUR",2009,997.805,74.679,7925.3013,67.84014,23.2,72464846,10.696919
"827","Turkey","TUR",2010,981.343,74.9642,8472.578,69.34712,23.9,73346766,10.750502
"828","Turkey","TUR",2011,994.298,74.8234,9265.859,71.00287,24.6,74215203,10.805995
"829","Turkey","TUR",2012,982.84,75.5519,9588.32,73.77887,24.5,75197196,10.86427
"830","Turkey","TUR",2013,1039.402,76.1705,10269.449,78.521835,24.1,76403032,10.949726
"831","Turkey","TUR",2014,1061.834,76.4519,10597.98,83.602486,25.5,78036154,11.029984
"832","Turkey","TUR",2015,1059.308,76.5389,11064.649,87.21671,25.8,80014222,11.113739
"833","Turkey","TUR",2016,1138.28,76.5948,11279.617,88.1021,24.4,81652087,11.291841
"834","Turkey","TUR",2017,1179.9,77.0372,12005.6455,88.03205,25.6,83083667,11.555732
"835","Turkey","TUR",2018,1213.491,77.4535,12255.008,88.16557,25,84415966,11.888146
"836","Turkey","TUR",2019,1267.951,77.737,12238.295,88.66181,24.9,85357670,12.433345
"837","Turkey","TUR",2020,1382.389,76.5255,12338.644,88.93031,23.3,86091691,13.125806
"838","Turkey","TUR",2021,1598.284,75.7222,13670.938,89.17621,23.7,86686254,13.775679
"839","Turkey","TUR",2022,1480.239,77.5913,14273.575,89.03812,24.3,87058469,14.271129
"840","Turkey","TUR",2023,1807.58,77.1557,14932.885,89.02184,24.9,87270502,14.66903
"841","United Kingdom","GBR",2000,2836.511,77.8491,39297.137,79.82414,11.9,59057333,24.36234
"842","United Kingdom","GBR",2001,3034.594,78.1208,40082.137,79.98383,12.1,59288095,24.303602
"843","United Kingdom","GBR",2002,3268.904,78.237,40594.934,80.11461,12.1,59540764,24.275255
"844","United Kingdom","GBR",2003,3442.222,78.3302,41706.832,80.23316,13.8,59820385,24.27153
"845","United Kingdom","GBR",2004,3633.495,78.8998,42434.82,80.34233,10.7,60169964,24.273647
"846","United Kingdom","GBR",2005,3748.623,79.1061,43320.562,80.445595,10.8,60596107,24.20643
"847","United Kingdom","GBR",2006,3854.856,79.3474,43945,80.54643,11.4,61051093,24.097013
"848","United Kingdom","GBR",2007,4045.132,79.5337,44882.14,80.64833,11.2,61535859,24.083223
"849","United Kingdom","GBR",2008,4083.33,79.6554,44508.29,80.75477,10.9,62027303,24.221668
"850","United Kingdom","GBR",2009,4225.877,80.1556,42146.508,80.86922,10.9,62506222,24.47731
"851","United Kingdom","GBR",2010,4303.629,80.3908,42762.723,80.99516,11.5,63006482,24.764212
"852","United Kingdom","GBR",2011,4255.965,80.7961,42791.094,81.13597,12,63509285,25.230919
"853","United Kingdom","GBR",2012,4373.923,80.8594,43136.7,81.290565,10.6,63960488,25.978079
"854","United Kingdom","GBR",2013,4413.716,80.9232,43585.875,81.457375,12.3,64389386,26.680477
"855","United Kingdom","GBR",2014,4528.541,81.1529,44628.574,81.635574,11.9,64865914,27.195255
"856","United Kingdom","GBR",2015,4631.421,80.919,45256.04,81.82438,10.5,65382107,27.581654
"857","United Kingdom","GBR",2016,4691.439,81.0675,45888.71,82.023,10.9,65893359,27.902828
"858","United Kingdom","GBR",2017,4734.251,81.164,47019.45,82.23066,10.7,66354473,28.249044
"859","United Kingdom","GBR",2018,4805.53,81.1229,47516.21,82.44656,10.6,66752473,28.630959
"860","United Kingdom","GBR",2019,4950.49,81.4426,47866.914,82.669945,10.8,67110958,29.025927
"861","United Kingdom","GBR",2020,5408.519,80.3854,42985.04,82.9,8.7,67351860,29.298042
"862","United Kingdom","GBR",2021,5836.521,80.708,46491.508,82.98864,9.2,67668788,29.464764
"863","United Kingdom","GBR",2022,5453.319,81.0744,48410.094,83.0754,9.5,68179315,29.799868
"864","United Kingdom","GBR",2023,5312.669,81.3015,47911.152,83.160194,9,68682965,30.326279
"865","United States","USA",2000,6542.34,76.8058,48616.254,79.07409,12.8,281484126,18.259708
"866","United States","USA",2001,6900.574,76.9194,48597.426,79.308624,12.5,284279634,18.144377
"867","United States","USA",2002,7403.671,76.9883,48967.367,79.546104,12.1,287084335,18.056253
"868","United States","USA",2003,7801.54,77.1369,49905.523,79.777336,11.8,289908091,17.995415
"869","United States","USA",2004,8056.604,77.535,51348.348,79.99609,11.3,292786248,17.961256
"870","United States","USA",2005,8286.408,77.5264,52649.57,80.19616,12.2,295716666,17.941292
"871","United States","USA",2006,8517.187,77.7976,53596.316,80.37131,11,298730208,17.9841
"872","United States","USA",2007,8726.721,78.0471,54152.83,80.51532,11.4,301844223,18.166191
"873","United States","USA",2008,8721.512,78.1273,53703.965,80.62197,10.4,304970325,18.444536
"874","United States","USA",2009,9056.043,78.4758,51863.617,80.685036,9.4,308023452,18.739216
"875","United States","USA",2010,9153.985,78.6681,52812.684,80.699776,9.3,311062785,19.014416
"876","United States","USA",2011,9149.377,78.7023,53215.535,80.695755,9.4,314105075,19.37694
"877","United States","USA",2012,9280.632,78.8169,54000.84,80.68375,8.8,317115349,19.901976
"878","United States","USA",2013,9333.09,78.8175,54728.86,80.66089,8.5,320110752,20.454966
"879","United States","USA",2014,9647.42,78.8785,55665.242,80.62422,8.5,323115377,20.979565
"880","United States","USA",2015,10098.662,78.7219,56849.47,80.5708,8.1,326126496,21.491934
"881","United States","USA",2016,10398.996,78.686,57430.85,80.497665,7.5,329179423,22.0099
"882","United States","USA",2017,10548.953,78.6483,58435.973,80.40187,7.8,332204657,22.56619
"883","United States","USA",2018,10774.02,78.7997,59817.656,80.28046,7.9,335056492,23.169268
"884","United States","USA",2019,11066.6,78.916,61047.965,80.13048,7.3,337790069,23.821184
"885","United States","USA",2020,12076.794,77.0115,59533.61,79.99745,7.8,339436156,24.496876
"886","United States","USA",2021,12007.415,76.3836,63096.785,80.00748,8,340161438,25.169043
"887","United States","USA",2022,11753.68,77.9789,64322.234,80.0325,7.3,341534041,25.921991
"888","United States","USA",2023,12098.848,79.3043,65667.28,80.07156,8.7,343477330,26.799246
