pays,iso3c,depenses_sante_2000,depenses_sante_2001,depenses_sante_2002,depenses_sante_2003,depenses_sante_2004,depenses_sante_2005,depenses_sante_2006,depenses_sante_2007,depenses_sante_2008,depenses_sante_2009,depenses_sante_2010,depenses_sante_2011,depenses_sante_2012,depenses_sante_2013,depenses_sante_2014,depenses_sante_2015,depenses_sante_2016,depenses_sante_2017,depenses_sante_2018,depenses_sante_2019,depenses_sante_2020
Australia,AUS,2918.623,3040.318,3181.737,3333.785,3549.301,3613.865,3750.505,3896.638,4051.114,4136.754,4268.681,4407.115,4404.788,4451.152,4941.936,5072.794,5228.105,5331.259,5442.379,5458.392,5855.181
Austria,AUT,4718.938,4776.365,4895.074,4967.35,5123.73,5168.261,5267.292,5419.719,5598.187,5704.378,5745.795,5730.372,5816.577,5813.279,5877.155,5925.348,6002.761,6074.392,6137.151,6258.114,6295.183
Belgium,BEL,3897.966,3987.216,4125.189,4571.947,4776.962,4767.386,4779.212,4888.335,5034.193,5402.012,5414.847,5404.704,5467.478,5498.202,5572.278,5785.818,5848.802,5931.681,6016.334,6076.389,6091.262
Canada,CAN,3402.299,3566.285,3692.159,3837.345,4006.356,4122.513,4365.397,4521.434,4680.831,4853.482,5013.653,5018.006,5094.458,5104.397,5118.519,5250.074,5379.723,5493.645,5555.804,5627.916,6195.885
Chile,CHL,1045.985,1074.699,1114.511,1174.018,1246.553,1284.287,1338.225,1430.583,1460.335,1701.046,1615.202,1688.033,1793.612,1936.624,2041.482,2181.035,2269.366,2462.771,2526.753,2543.071,2489.426
Colombia,COL,592.037,615.399,592.165,618.508,660.031,725.04,800.012,865.586,958.755,1021.747,1035.236,1061.593,1086.518,1171.611,1230.813,1270.997,1268.882,1312.671,1345.978,1376.834,1379.007
Czechia,CZE,1736.426,1869.463,2027.375,2230.002,2280.551,2390.374,2432.809,2491.195,2625.019,2881.371,2963.847,2952.508,2940.737,2924.82,3069.439,3120.284,3219.221,3293.657,3416.183,3590.648,4098.209
Denmark,DNK,3892.751,4073.651,4207.349,4307.302,4484.892,4668.188,4872.285,4999.732,5100.178,5334.676,5435.29,5343.147,5411.535,5356.839,5445.714,5587.997,5669.119,5724.452,5808.855,5923.613,6146.851
Estonia,EST,893.503,880.525,940.773,1131.869,1268.612,1404.976,1497.821,1745.028,1871.135,1850.933,1810.235,1804.813,1875.419,1978.481,2097.762,2232.218,2325.043,2392.241,2517.863,2645.22,2921.922
Finland,FIN,3230.932,3381.652,3562.815,3720.881,3901.029,4088.473,4193.581,4306.824,4423.108,4421.828,4475.389,4571.221,4651.581,4700.07,4663.214,4653.823,4652.864,4664.664,4697.715,4830.318,4966.75
France,FRA,4252.468,4363.613,4546.811,4578.138,4692.006,4758.546,4926.712,5015.674,5077.483,5329.271,5280.09,5324.443,5371.584,5464.74,5542.29,5601.869,5690.706,5725.443,5703.986,5755.07,5770.47
Germany,DEU,4806.233,4858.775,4964.458,5023.827,4971.318,5057.386,5148.366,5247.152,5374.547,5662.417,5782.66,5794.192,5846.723,5941.813,6093.697,6296.315,6452.71,6627.465,6763.583,6986.616,7362.902
Greece,GRC,2195.841,2517.15,2716.959,2941.109,2948.314,3112.643,3173.375,3323.421,3473.103,3564.41,3349.692,2858.481,2569.545,2393.271,2271.435,2407.452,2482.65,2419.627,2454.056,2529.837,2682.375
Hungary,HUN,1438.415,1533.528,1689.6,1998.729,2006.376,2136.005,2179.669,2005.993,1983.257,1906.759,1977.191,2016.075,1950.471,1979.608,2047.907,2104.489,2198.629,2222.145,2308.075,2320.07,2615.41
Iceland,ISL,4035.487,4080.155,4328.49,4471.419,4541.607,4615.023,4626.931,4734.168,4686.519,4393.944,4190.786,4181.957,4110.287,4169.479,4235.768,4406.963,4575.129,4727.693,4816.499,4897.308,5010.877
Ireland,IRL,2410.422,2761.42,2993.323,3175.996,3361.118,3721.145,3758.61,3918.955,4177.278,4550.639,4560.176,4625.199,4638.322,4511.761,4492.459,4593.993,4738.539,4860.895,4992.323,5111.882,5585.105
Israel,ISR,2013.574,2100.642,2035.921,1999.398,2035.345,2105.462,2104.334,2179.791,2185.911,2229.764,2265.427,2292.54,2374.859,2416.968,2493.564,2559.305,2676.74,2756.688,2825.573,2890.713,3015.382
Italy,ITA,3465.071,3623.093,3699.086,3670.812,3854.506,3923.952,3992.867,3897.346,3985.801,4008.764,3999.115,3914.124,3788.466,3713.707,3771.171,3836.314,3862.937,3897.651,3918.914,3931.603,4027.251
Japan,JPN,2791.511,2877.397,2919.498,2999.298,3068.003,3159.049,3189.387,3260.746,3300.395,3499.913,3661.78,4195.763,4326.861,4412.331,4448.194,4605.609,4635.302,4694.512,4741.327,4826.319,4858.511
Latvia,LVA,716.232,814.345,895.568,935.814,1160.963,1250.665,1447.993,1656.789,1588.126,1360.854,1360.401,1362.259,1417.399,1474.067,1548.815,1671.638,1876.939,1901.066,2080.432,2242.39,2403.416
Lithuania,LTU,977.683,992.48,1092.509,1231.168,1211.196,1403.36,1601.115,1808.154,2001.078,1875.476,1827.761,1902.265,1938.097,1986.063,2105.776,2270.348,2410.39,2480.149,2629.324,2931.672,3092.326
Luxembourg,LUX,4951.467,5309.61,5710.264,5897.039,6355.958,6381.051,6459.45,6351.31,6507.523,7058.642,7065.646,5838.435,5195.431,5211.474,5308.112,5204.968,5234.716,5226.134,5361.343,5542.815,5858.675
Mexico,MEX,844.683,915.925,958.966,928.652,981.295,959.943,1004.713,1025.558,1024.341,1012.81,1033.719,1045.38,1095.312,1112.171,1072.161,1132.107,1123.494,1116.324,1119.181,1134.141,1184.145
Netherlands,NLD,4069.825,4339.305,4623.156,4799.937,4895.442,4984.819,5129.793,5275.052,5500.15,5698.14,5790.657,5802.803,5897.956,5873.494,5893.049,5882.047,5951.329,5940.74,6002.316,6176.61,6515.942
New Zealand,NZL,2439.959,2591.291,2735.164,2777.006,2930.905,3123.282,3297.829,3343.411,3361.378,3528.065,3566.532,3623.351,3692.654,3767.779,3843.927,3889.226,3940.332,4002.614,4041.072,4129.82,4352.668
Norway,NOR,3989.35,4154.347,4534.154,4638.875,4787.257,4945.545,5068.261,5317.55,5536.486,5655.269,5724.201,5902.436,6086.207,6184.347,6395.673,6648.839,6706.186,6767.314,6886.235,7053.885,7220.869
Poland,POL,1001.109,1080.38,1169.97,1188.796,1236.763,1270.774,1347.596,1474.249,1658.258,1774.053,1779.268,1791.015,1796.318,1872.492,1910.81,2051.793,2182.693,2294.366,2319.602,2497.099,2510.275
Portugal,PRT,2705.548,2737.947,2802.648,2871.974,3040.324,3088.569,3037.075,3078.083,3168.837,3322.533,3322.481,3132.738,2971.328,2913.658,2941.462,3040.267,3146.94,3227.429,3360.34,3513.439,3599.297
Slovakia,SVK,1076.981,1116.222,1215.681,1252.346,1541.205,1663.004,1835.427,2104.513,2117.335,2246.515,2298.101,2199.531,2250.106,2232.09,2098.889,2161.854,2261.442,2248.709,2306.896,2458.131,2448.986
Slovenia,SVN,2190.043,2285.835,2410.677,2506.477,2563.328,2654.465,2728.433,2795.158,2977.934,3051.665,2992.742,2974.925,2922.1,2915.911,2929.327,3043.31,3147.847,3175.68,3343.208,3541.763,3756.19
South Korea,KOR,971.327,1114.389,1115.33,1304.625,1351.043,1456.282,1597.519,1692.438,1798.315,1972.492,2152.556,2203.788,2250.775,2354.91,2479.069,2683.729,2850.466,3008.663,3214.47,3478.146,3618.078
Spain,ESP,2435.093,2515.454,2591.128,2946.589,3035.074,3152.315,3278.309,3374.257,3498.843,3649.727,3598.611,3516.177,3364.255,3281.297,3333.149,3494.067,3535.115,3626.325,3708.217,3818.956,3996.229
Sweden,SWE,3207.196,3484.029,3649.532,3723.876,3759.193,3835.367,3941.751,4043.332,4106.599,4190.808,4153.327,5324.135,5416.972,5502.165,5631.31,5782.029,5866.121,5885.21,5982.065,5991.582,6067.976
Switzerland,CHE,5034.5,5277.762,5472.736,5573.406,5712.372,5733.32,5687.852,5797.595,5926.419,6133.179,6165.375,6298.444,6502.477,6728.825,6818.011,7052.876,7229.328,7295.414,7284.877,7481.35,7621.094
Turkey,TUR,658.035,672.312,736.904,754.507,813.664,853.973,945.264,993.208,996.374,997.805,981.343,994.298,982.84,1039.402,1061.834,1059.308,1138.28,1179.9,1213.491,1267.951,1382.389
United Kingdom,GBR,2836.511,3034.594,3268.904,3442.222,3633.495,3748.623,3854.856,4045.132,4083.33,4225.877,4303.629,4255.965,4373.923,4413.716,4528.541,4631.421,4691.439,4734.251,4805.53,4950.49,5408.519
United States,USA,6542.34,6900.574,7403.671,7801.54,8056.604,8286.408,8517.187,8726.721,8721.512,9056.043,9153.985,9149.377,9280.632,9333.09,9647.42,10098.662,10398.996,10548.953,10774.02,11066.6,12076.794
